frame,letterbox_resize_pad_ms,transpose_contiguous_ms,torch_from_numpy_ms,to_device_normalize_ms,total_phase_ms,shape,dtype,device
0,3.925900001078844,0.7882000003010035,1.2100999988615513,30.271600000560284,538.26070000045,"(1, 3, 640, 640)",torch.float16,cuda:0
1,0.7798000015318394,0.6952999979257584,0.06690000183880329,0.6355000007897615,2.2609999999403954,"(1, 3, 640, 640)",torch.float16,cuda:0
2,0.6617999989539385,0.678999999538064,0.04580000042915344,0.5637999996542931,2.003100000321865,"(1, 3, 640, 640)",torch.float16,cuda:0
3,0.7385999988764524,0.6988999992609024,0.06460000202059746,0.616100000217557,2.196400001645088,"(1, 3, 640, 640)",torch.float16,cuda:0
4,0.6905000004917383,0.7029999997466803,0.052799999713897705,0.5562999993562698,2.0592000000178814,"(1, 3, 640, 640)",torch.float16,cuda:0
5,0.6567999999970198,0.7010999992489815,0.06439999863505363,0.6251999996602535,2.121799999848008,"(1, 3, 640, 640)",torch.float16,cuda:0
6,0.6305000018328428,0.69200000166893,0.04350000061094761,0.5359000004827976,1.9429999999701977,"(1, 3, 640, 640)",torch.float16,cuda:0
7,0.6705000009387732,0.6494999993592501,0.06030000001192093,0.5802999995648861,2.027599999681115,"(1, 3, 640, 640)",torch.float16,cuda:0
8,0.6295999996364117,0.6543000005185604,0.049800001084804535,0.5401999987661839,1.920899998396635,"(1, 3, 640, 640)",torch.float16,cuda:0
9,0.6894000004976988,0.6889999974519014,0.06479999981820583,0.5921000018715858,2.1097999997437,"(1, 3, 640, 640)",torch.float16,cuda:0
10,0.6735999993979931,0.6743999999016523,0.044599998742341995,0.5345999989658594,1.9692999999970198,"(1, 3, 640, 640)",torch.float16,cuda:0
11,0.8271000012755394,0.6722999978810549,0.06019999831914902,0.5697000008076429,2.194099999964237,"(1, 3, 640, 640)",torch.float16,cuda:0
12,0.6855000015348196,0.6722999997437,0.04090000130236149,0.5173000004142523,1.9547999985516071,"(1, 3, 640, 640)",torch.float16,cuda:0
13,0.6744999997317791,0.6557000000029802,0.06809999980032444,0.6755999997258186,2.164199998602271,"(1, 3, 640, 640)",torch.float16,cuda:0
14,0.6701999995857477,0.6572999991476536,0.06270000152289867,0.6917000003159046,2.1514999996870756,"(1, 3, 640, 640)",torch.float16,cuda:0
15,0.625399999320507,0.6095000002533197,0.041199998930096626,0.5368999987840652,1.8518000021576881,"(1, 3, 640, 640)",torch.float16,cuda:0
16,0.7176999989897013,0.6525999996811152,0.06399999931454659,0.6560999974608421,2.1610000003129244,"(1, 3, 640, 640)",torch.float16,cuda:0
17,0.6554000023752451,0.6651999987661839,0.04840000160038471,0.7235000021755695,2.1376999989151955,"(1, 3, 640, 640)",torch.float16,cuda:0
18,0.8445000015199184,0.7227000016719103,0.07189999893307686,0.7510999999940395,2.474499998614192,"(1, 3, 640, 640)",torch.float16,cuda:0
19,0.7150999996811152,0.7228999976068735,0.05809999816119671,0.6253000013530254,2.181800000369549,"(1, 3, 640, 640)",torch.float16,cuda:0
20,0.7850000001490116,0.6912000011652708,0.07580000162124634,0.6709000002592802,2.3082999996840954,"(1, 3, 640, 640)",torch.float16,cuda:0
21,0.6656999997794628,0.7031000014394522,0.052799999713897705,0.5971000008285046,2.068800000473857,"(1, 3, 640, 640)",torch.float16,cuda:0
22,0.7949999999254942,0.6904999986290932,0.07429999858140945,0.6782000008970499,2.320799997076392,"(1, 3, 640, 640)",torch.float16,cuda:0
23,0.7184999994933605,0.7033999990671873,0.061000000685453415,0.6033999994397163,2.1502000000327826,"(1, 3, 640, 640)",torch.float16,cuda:0
24,0.6559999976307154,0.8372000008821487,0.06599999964237213,0.6233999989926815,2.2625999990850687,"(1, 3, 640, 640)",torch.float16,cuda:0
25,0.5929000005126,0.6662999987602234,0.04609999991953373,0.562899999320507,1.914199998602271,"(1, 3, 640, 640)",torch.float16,cuda:0
26,0.6831999998539686,0.6430000010877848,0.06120000034570694,0.571900000795722,2.028599999845028,"(1, 3, 640, 640)",torch.float16,cuda:0
27,0.655799999833107,0.6483000013977289,0.04320000112056732,0.5315000023692846,1.9214000012725592,"(1, 3, 640, 640)",torch.float16,cuda:0
28,0.8768999986350536,0.8372999988496304,0.08429999835789204,0.6909999996423721,2.6140000000596046,"(1, 3, 640, 640)",torch.float16,cuda:0
29,0.7306999992579222,0.7369999997317791,0.06970000080764294,0.650000000372529,2.263799998909235,"(1, 3, 640, 640)",torch.float16,cuda:0
30,1.0398999992758036,0.7906000018119812,0.0654000025242567,0.6622999999672174,2.6400000005960464,"(1, 3, 640, 640)",torch.float16,cuda:0
31,0.8586999997496605,0.811099998652935,0.0738999992609024,0.6374999992549419,2.4751999992877245,"(1, 3, 640, 640)",torch.float16,cuda:0
32,0.7877999991178513,0.7901999987661839,0.04959999956190586,0.5947999991476536,2.266999999061227,"(1, 3, 640, 640)",torch.float16,cuda:0
33,0.7689999993890524,0.6639000009745359,0.06359999999403954,0.6231000013649464,2.18889999948442,"(1, 3, 640, 640)",torch.float16,cuda:0
34,0.5855000000447035,0.6473000012338161,0.04279999993741512,0.5232999976724386,1.837100001052022,"(1, 3, 640, 640)",torch.float16,cuda:0
35,0.7409000005573034,0.6392000000923872,0.061900001019239426,0.6162999998778105,2.128200000151992,"(1, 3, 640, 640)",torch.float16,cuda:0
36,0.773700000718236,0.6931999996304512,0.06309999898076057,0.6246999986469746,2.2229999992996454,"(1, 3, 640, 640)",torch.float16,cuda:0
37,0.6699000000953674,0.7733999993652105,0.04670000076293945,0.5685999989509583,2.105399999767542,"(1, 3, 640, 640)",torch.float16,cuda:0
38,0.8057000003755093,0.7204999979585409,0.06440000049769878,0.5890000015497208,2.2545999996364117,"(1, 3, 640, 640)",torch.float16,cuda:0
39,0.6640000008046627,0.6601999998092651,0.06440000049769878,0.6244999971240759,2.0899999998509884,"(1, 3, 640, 640)",torch.float16,cuda:0
40,0.6391000002622604,0.6623999997973442,0.045900000259280205,0.569599999114871,1.9635000005364418,"(1, 3, 640, 640)",torch.float16,cuda:0
41,0.6568999998271465,0.6615000013262033,0.059700001031160355,0.6377000007778406,2.0830000024288893,"(1, 3, 640, 640)",torch.float16,cuda:0
42,0.8288000021129847,0.7021000012755394,0.06949999928474426,0.6133999992161989,2.2937000021338463,"(1, 3, 640, 640)",torch.float16,cuda:0
43,0.6340999994426966,0.7500999998301268,0.043800001963973045,0.6334999985992908,2.1029000002890825,"(1, 3, 640, 640)",torch.float16,cuda:0
44,0.7234999984502792,0.7527999989688396,0.07750000059604645,0.6585999988019466,2.28800000064075,"(1, 3, 640, 640)",torch.float16,cuda:0
45,0.6599000003188848,0.6953999996185303,0.04670000076293945,0.5855000000447035,2.033000001683831,"(1, 3, 640, 640)",torch.float16,cuda:0
46,0.7270999997854233,0.6576999984681606,0.06030000187456608,0.5751000009477139,2.086999997496605,"(1, 3, 640, 640)",torch.float16,cuda:0
47,0.6441000010818243,0.6461999993771315,0.040200000628829,0.6764000002294779,2.0453999992460012,"(1, 3, 640, 640)",torch.float16,cuda:0
48,0.7675999999046326,0.69200000166893,0.06259999983012676,0.5944000016897917,2.189299998804927,"(1, 3, 640, 640)",torch.float16,cuda:0
49,0.748599998652935,0.6546999998390675,0.060600001364946365,0.5720000006258488,2.1026000007987022,"(1, 3, 640, 640)",torch.float16,cuda:0
50,0.6671999990940094,0.6577000003308058,0.04040000028908253,0.5025999993085861,1.9064999986439943,"(1, 3, 640, 640)",torch.float16,cuda:0
51,0.7571999989449978,0.6757999993860722,0.06320000253617764,0.6042999997735023,2.1741999983787537,"(1, 3, 640, 640)",torch.float16,cuda:0
52,0.6526000015437603,0.6665000002831221,0.060999998822808266,0.5712999980896711,2.0220999997109175,"(1, 3, 640, 640)",torch.float16,cuda:0
53,0.6352999992668629,0.6721999980509281,0.0422000028192997,0.5230999998748302,1.9144999980926514,"(1, 3, 640, 640)",torch.float16,cuda:0
54,0.6684999987483025,0.6631000004708767,0.060999998822808266,0.5869999993592501,2.0496999975293875,"(1, 3, 640, 640)",torch.float16,cuda:0
55,0.7603999990969896,0.6961000002920628,0.06210000067949295,0.5752000007778406,2.1606000009924173,"(1, 3, 640, 640)",torch.float16,cuda:0
56,0.6473000012338161,0.651699997484684,0.060499999672174454,0.7051999997347593,2.133399998769164,"(1, 3, 640, 640)",torch.float16,cuda:0
57,0.7457999996840954,0.7390999998897314,0.0661999974399805,0.6035000011324883,2.229399999603629,"(1, 3, 640, 640)",torch.float16,cuda:0
58,0.6589999981224537,0.6829000003635883,0.048700001090765,0.632999999448657,2.0670999996364117,"(1, 3, 640, 640)",torch.float16,cuda:0
59,0.6718000005930662,0.6563999988138676,0.06479999981820583,0.6075999978929758,2.0733999982476234,"(1, 3, 640, 640)",torch.float16,cuda:0
60,0.7400000002235174,0.6493999995291233,0.044600000604987144,0.5700000002980232,2.0462999995797873,"(1, 3, 640, 640)",torch.float16,cuda:0
61,0.7307999990880489,0.6427999995648861,0.06490000151097775,0.6143999993801117,2.133099999278784,"(1, 3, 640, 640)",torch.float16,cuda:0
62,0.6430999990552664,0.6490000002086163,0.04280000180006027,0.539800001308322,1.91750000230968,"(1, 3, 640, 640)",torch.float16,cuda:0
63,0.6967000011354685,0.6679999995976686,0.06199999898672104,0.6290000006556511,2.1256000008434057,"(1, 3, 640, 640)",torch.float16,cuda:0
64,0.7398000005632639,0.6537999995052814,0.04959999956190586,0.5608999989926815,2.0573000013828278,"(1, 3, 640, 640)",torch.float16,cuda:0
65,0.7214999981224537,0.671900000423193,0.06450000032782555,0.6320000011473894,2.1650000009685755,"(1, 3, 640, 640)",torch.float16,cuda:0
66,0.6554000005126,0.6628000009804964,0.03879999928176403,0.5538999997079372,1.950399998575449,"(1, 3, 640, 640)",torch.float16,cuda:0
67,0.7143999990075827,0.6586999986320734,0.05989999882876873,0.6534000001847744,2.1563999988138676,"(1, 3, 640, 640)",torch.float16,cuda:0
68,0.6097000017762184,0.6670999992638826,0.039900001138448715,0.5386000014841557,1.895099999383092,"(1, 3, 640, 640)",torch.float16,cuda:0
69,0.7379999980330467,0.6610000003129244,0.06650000065565109,0.7576999999582767,2.3330999985337257,"(1, 3, 640, 640)",torch.float16,cuda:0
70,1.112100001424551,0.8535000011324883,0.07730000093579292,0.6885999999940395,2.833399999886751,"(1, 3, 640, 640)",torch.float16,cuda:0
71,0.6536999978125095,0.6527999993413687,0.05329999886453152,0.5959999989718199,2.011899998411536,"(1, 3, 640, 640)",torch.float16,cuda:0
72,0.8326999992132187,0.7756000012159348,0.0644999984651804,0.6978999990969896,2.4452999997884035,"(1, 3, 640, 640)",torch.float16,cuda:0
73,0.632099999114871,0.7077000010758638,0.043299999088048935,0.5581000000238419,1.992799999192357,"(1, 3, 640, 640)",torch.float16,cuda:0
74,0.7093000002205372,0.6991999987512827,0.06249999813735485,0.7072999998927116,2.248700000345707,"(1, 3, 640, 640)",torch.float16,cuda:0
75,0.6707000005990267,0.6818000003695488,0.039399998262524605,0.5350999999791384,1.967500001192093,"(1, 3, 640, 640)",torch.float16,cuda:0
76,0.793699998408556,0.664300000295043,0.06940000131726265,0.6271999999880791,2.2314999997615814,"(1, 3, 640, 640)",torch.float16,cuda:0
77,0.6708000004291534,0.6640000008046627,0.03680000081658363,0.5764999985694885,1.9853999987244606,"(1, 3, 640, 640)",torch.float16,cuda:0
78,0.7248999997973442,0.6373999994248152,0.06339999847114086,0.6218999996781349,2.11909999884665,"(1, 3, 640, 640)",torch.float16,cuda:0
79,0.6345000006258488,0.6275999993085861,0.03700000047683716,0.524100000038743,1.861700002104044,"(1, 3, 640, 640)",torch.float16,cuda:0
80,0.6765000000596046,0.6615999974310398,0.06340000033378601,0.6237000022083521,2.0996999982744455,"(1, 3, 640, 640)",torch.float16,cuda:0
81,0.574200002476573,0.6253000013530254,0.04129999876022339,0.5310999993234873,1.8124000001698732,"(1, 3, 640, 640)",torch.float16,cuda:0
82,0.7508999984711409,0.6165999993681908,0.06340000033378601,0.5894999988377094,2.088800000026822,"(1, 3, 640, 640)",torch.float16,cuda:0
83,0.6113000009208918,0.5969999991357327,0.036500001326203346,0.5166999995708466,1.796799998730421,"(1, 3, 640, 640)",torch.float16,cuda:0
84,0.7044000010937452,0.6321999989449978,0.061400000005960464,0.5951999984681606,2.062600001692772,"(1, 3, 640, 640)",torch.float16,cuda:0
85,0.7024000007659197,0.6468000020831823,0.059299999848008156,0.5960999988019466,2.069700000807643,"(1, 3, 640, 640)",torch.float16,cuda:0
86,0.7192999999970198,0.6433999985456467,0.062300000339746475,0.6471000015735626,2.1443999987095594,"(1, 3, 640, 640)",torch.float16,cuda:0
87,0.727300001308322,0.6710999999195337,0.06400000117719173,0.6049999985843897,2.141000000759959,"(1, 3, 640, 640)",torch.float16,cuda:0
88,0.6699999999254942,0.6410000007599592,0.09399999864399433,0.6412000004202127,2.1273999996483326,"(1, 3, 640, 640)",torch.float16,cuda:0
89,0.5855999980121851,0.6360000018030405,0.05289999954402447,0.6184000000357628,1.9425000008195639,"(1, 3, 640, 640)",torch.float16,cuda:0
90,0.6477000005543232,0.5953000001609325,0.06379999965429306,0.7379000000655651,2.116600001230836,"(1, 3, 640, 640)",torch.float16,cuda:0
91,0.6395999975502491,0.6361999996006489,0.06180000118911266,0.6256000008434057,2.033000001683831,"(1, 3, 640, 640)",torch.float16,cuda:0
92,0.8049000017344952,0.6521000005304813,0.052400002256035805,0.5718000009655952,2.1299999989569187,"(1, 3, 640, 640)",torch.float16,cuda:0
93,0.6807000022381544,0.6995999980717897,0.07139999978244305,0.750500001013279,2.2849999982863665,"(1, 3, 640, 640)",torch.float16,cuda:0
94,0.7346999980509281,0.6533999983221292,0.06870000064373016,0.6094999983906746,2.1365000009536743,"(1, 3, 640, 640)",torch.float16,cuda:0
95,0.634900001809001,0.6666000001132488,0.04829999804496765,0.5263999998569489,1.9598000012338161,"(1, 3, 640, 640)",torch.float16,cuda:0
96,0.6844999995082617,0.6638999991118908,0.06240000016987324,0.588500002399087,2.070999998599291,"(1, 3, 640, 640)",torch.float16,cuda:0
97,0.754899999126792,0.7213999982923269,0.0807999987155199,0.7319999989122152,2.3889999985694885,"(1, 3, 640, 640)",torch.float16,cuda:0
98,0.6992000006139278,0.6555000003427267,0.06220000050961971,0.5996000003069639,2.0836999993771315,"(1, 3, 640, 640)",torch.float16,cuda:0
99,0.7840999998152256,0.7532999981194735,0.0840000007301569,0.8569000009447336,2.5607999991625547,"(1, 3, 640, 640)",torch.float16,cuda:0
100,0.7379999980330467,0.696900000795722,0.06080000102519989,0.6723000016063452,2.2337999995797873,"(1, 3, 640, 640)",torch.float16,cuda:0
101,0.6597999986261129,0.6527999993413687,0.06289999932050705,0.6377000007778406,2.084800001233816,"(1, 3, 640, 640)",torch.float16,cuda:0
102,0.6090999990701675,0.6278000008314848,0.046300001442432404,0.5993999987840652,1.9344999976456165,"(1, 3, 640, 640)",torch.float16,cuda:0
103,0.6744999997317791,0.801299998536706,0.06930000148713589,0.6569999996572733,2.284000001847744,"(1, 3, 640, 640)",torch.float16,cuda:0
104,0.6834999993443489,0.6416000016033649,0.051899997517466545,0.5864000003784895,2.0086999982595444,"(1, 3, 640, 640)",torch.float16,cuda:0
105,0.7524999994784594,0.6334000006318092,0.06379999965429306,0.6043000016361475,2.1257000006735325,"(1, 3, 640, 640)",torch.float16,cuda:0
106,0.6535000000149012,0.6196000017225742,0.04379999823868275,0.5579000003635883,1.9195000007748604,"(1, 3, 640, 640)",torch.float16,cuda:0
107,0.9750000014901161,1.0137000009417534,0.08430000022053719,0.6934000011533499,2.8397999983280897,"(1, 3, 640, 640)",torch.float16,cuda:0
108,0.7979000005871058,0.7868000008165836,0.07129999995231628,0.6401999983936548,2.360300002619624,"(1, 3, 640, 640)",torch.float16,cuda:0
109,0.6895000003278255,0.734400000423193,0.06429999880492687,0.6914000008255243,2.2501999996602535,"(1, 3, 640, 640)",torch.float16,cuda:0
110,0.6267000008374453,0.6949000004678965,0.05419999919831753,0.6359000001102686,2.0664000008255243,"(1, 3, 640, 640)",torch.float16,cuda:0
111,0.6578999999910593,0.6924000009894371,0.0640999972820282,0.6820999998599291,2.167899999767542,"(1, 3, 640, 640)",torch.float16,cuda:0
112,0.7220000009983778,0.6785000003874302,0.06240000016987324,0.6576999984681606,2.191899999976158,"(1, 3, 640, 640)",torch.float16,cuda:0
113,0.7521000001579523,0.7180000003427267,0.04449999891221523,0.5988999996334314,2.154799999669194,"(1, 3, 640, 640)",torch.float16,cuda:0
114,0.7047000005841255,0.7278000004589558,0.06420000083744526,0.6363999992609024,2.204799998551607,"(1, 3, 640, 640)",torch.float16,cuda:0
115,0.6415000017732382,0.6821999978274107,0.0414000004529953,0.5642000008374453,1.9694999977946281,"(1, 3, 640, 640)",torch.float16,cuda:0
116,0.7053999993950129,0.6492999996989965,0.06030000001192093,0.6486000008881092,2.132200002670288,"(1, 3, 640, 640)",torch.float16,cuda:0
117,0.6591999977827072,0.6838000006973743,0.03579999879002571,0.5269000008702278,1.943699998781085,"(1, 3, 640, 640)",torch.float16,cuda:0
118,0.7427999991923571,0.6687000002712011,0.06499999947845936,0.599999999627471,2.1502000000327826,"(1, 3, 640, 640)",torch.float16,cuda:0
119,0.7834999989718199,0.9534000009298325,0.06459999829530716,0.573599997907877,2.484899999573827,"(1, 3, 640, 640)",torch.float16,cuda:0
120,0.7520000021904707,0.694599999114871,0.06479999981820583,0.6008000001311302,2.1850000005215406,"(1, 3, 640, 640)",torch.float16,cuda:0
121,0.6288000009953976,0.6775000002235174,0.047200001776218414,0.513399999588728,1.911199999973178,"(1, 3, 640, 640)",torch.float16,cuda:0
122,0.7170000001788139,0.7099000010639429,0.07340000197291374,0.673200000077486,2.249499998986721,"(1, 3, 640, 640)",torch.float16,cuda:0
123,0.6325000002980232,0.7121999990195036,0.04880000092089176,0.5844000019133091,2.028599999845028,"(1, 3, 640, 640)",torch.float16,cuda:0
124,0.695499999448657,0.6818999983370304,0.06020000018179417,0.5732000023126602,2.077600000426173,"(1, 3, 640, 640)",torch.float16,cuda:0
125,0.6633000019937754,0.7922000009566545,0.048499997705221176,0.5746999997645617,2.1326999999582767,"(1, 3, 640, 640)",torch.float16,cuda:0
126,0.7163000013679266,0.6882999986410141,0.06149999983608723,0.6045999992638826,2.142000000923872,"(1, 3, 640, 640)",torch.float16,cuda:0
127,0.6778999995440245,0.6462000012397766,0.061000000685453415,0.6132000014185905,2.0671999994665384,"(1, 3, 640, 640)",torch.float16,cuda:0
128,0.6589000001549721,0.7457999996840954,0.08690000139176846,0.6186999995261431,2.1777999978512526,"(1, 3, 640, 640)",torch.float16,cuda:0
129,0.7151000015437603,0.6818000003695488,0.06550000049173832,0.6434999983757734,2.1883000005036592,"(1, 3, 640, 640)",torch.float16,cuda:0
130,0.6777999978512526,0.6831999998539686,0.044600000604987144,0.5624000001698732,2.0124000012874603,"(1, 3, 640, 640)",torch.float16,cuda:0
131,0.7245999984443188,0.7153999991714954,0.06039999984204769,0.6052999999374151,2.175000000745058,"(1, 3, 640, 640)",torch.float16,cuda:0
132,0.6701999995857477,0.7767999991774559,0.04649999924004078,0.559900002554059,2.098199998959899,"(1, 3, 640, 640)",torch.float16,cuda:0
133,0.7423999980092049,0.664300000295043,0.06519999913871288,0.6086999997496605,2.155299996957183,"(1, 3, 640, 640)",torch.float16,cuda:0
134,0.5810000002384186,0.6823999993503094,0.042899999767541885,0.5189999993890524,1.8685999996960163,"(1, 3, 640, 640)",torch.float16,cuda:0
135,0.6083000004291534,0.6040000002831221,0.060599999502301216,0.5784000009298325,1.9209000002592802,"(1, 3, 640, 640)",torch.float16,cuda:0
136,0.5854000002145767,0.6118000019341707,0.04349999874830246,0.5315999984741211,1.8170999996364117,"(1, 3, 640, 640)",torch.float16,cuda:0
137,0.6502000000327826,0.7133999988436699,0.08379999920725822,0.6577999982982874,2.1868000011891127,"(1, 3, 640, 640)",torch.float16,cuda:0
138,0.6779000014066696,0.6751000005751848,0.041999999433755875,0.5455000009387732,1.9830000009387732,"(1, 3, 640, 640)",torch.float16,cuda:0
139,0.7274999991059303,0.6673999987542629,0.05910000018775463,0.6107999999076128,2.1333000008016825,"(1, 3, 640, 640)",torch.float16,cuda:0
140,0.6575000006705523,0.688400000333786,0.04209999926388264,0.5254000015556812,1.9543999992311,"(1, 3, 640, 640)",torch.float16,cuda:0
141,0.8552000001072884,0.7019000016152859,0.06529999896883965,0.608500000089407,2.3046000003814697,"(1, 3, 640, 640)",torch.float16,cuda:0
142,0.6756999976933002,0.6595000009983778,0.0421999990940094,0.5205999985337257,1.9380999989807606,"(1, 3, 640, 640)",torch.float16,cuda:0
143,0.7569999992847443,0.6634999979287386,0.061400000005960464,0.6022999975830317,2.1517000012099743,"(1, 3, 640, 640)",torch.float16,cuda:0
144,0.7056000009179115,0.6557000018656254,0.06090000085532665,0.5748999994248152,2.061200000345707,"(1, 3, 640, 640)",torch.float16,cuda:0
145,0.8176999986171722,0.6976000014692545,0.06379999965429306,0.6172000002115965,2.270899999886751,"(1, 3, 640, 640)",torch.float16,cuda:0
146,0.6470000017434359,0.6528999991714954,0.04350000061094761,0.5241999980062246,1.9081999994814396,"(1, 3, 640, 640)",torch.float16,cuda:0
147,0.776800001040101,0.6774999983608723,0.06389999948441982,0.5851000007241964,2.175499999895692,"(1, 3, 640, 640)",torch.float16,cuda:0
148,0.6392000000923872,0.6697000004351139,0.03799999691545963,0.5156000014394522,1.8999000005424023,"(1, 3, 640, 640)",torch.float16,cuda:0
149,0.8091000001877546,0.673200000077486,0.06489999778568745,0.6520999986678362,2.274500001221895,"(1, 3, 640, 640)",torch.float16,cuda:0
150,0.7520000003278255,0.6768999993801117,0.0433999989181757,0.5425000004470348,2.0635000001639128,"(1, 3, 640, 640)",torch.float16,cuda:0
151,0.7740000002086163,0.6879999991506338,0.06809999793767929,0.6818999983370304,2.2869000006467104,"(1, 3, 640, 640)",torch.float16,cuda:0
152,0.8165999986231327,0.7610999997705221,0.07579999975860119,0.7028999980539083,2.4377999994903803,"(1, 3, 640, 640)",torch.float16,cuda:0
153,0.7620000001043081,0.7045999988913536,0.06889999844133854,0.7291999999433756,2.34910000115633,"(1, 3, 640, 640)",torch.float16,cuda:0
154,0.7184000015258789,0.7048000004142523,0.04749999940395355,0.6163000017404556,2.1300999987870455,"(1, 3, 640, 640)",torch.float16,cuda:0
155,0.7270999997854233,0.6874000020325184,0.06120000034570694,0.6648999974131584,2.2064000014215708,"(1, 3, 640, 640)",torch.float16,cuda:0
156,0.6422000005841255,0.6423000004142523,0.041099999099969864,0.5322999991476536,1.8973000012338161,"(1, 3, 640, 640)",torch.float16,cuda:0
157,0.7838999982923269,0.6816000007092953,0.06799999997019768,0.7723999992012978,2.390699999406934,"(1, 3, 640, 640)",torch.float16,cuda:0
158,0.6932000014930964,0.6588999982923269,0.04299999959766865,0.571399999782443,2.0104999989271164,"(1, 3, 640, 640)",torch.float16,cuda:0
159,0.8690000008791685,0.648700000718236,0.06320000067353249,0.6406000014394522,2.2917999997735023,"(1, 3, 640, 640)",torch.float16,cuda:0
160,0.6509000025689602,0.6225999984890223,0.03879999928176403,0.47379999980330467,1.8234000001102686,"(1, 3, 640, 640)",torch.float16,cuda:0
161,0.7129999995231628,0.6471999995410442,0.06320000067353249,0.5811000000685453,2.0770999994128942,"(1, 3, 640, 640)",torch.float16,cuda:0
162,0.5996000003069639,0.6801999993622303,0.036900000646710396,0.5080999992787838,1.8618000000715256,"(1, 3, 640, 640)",torch.float16,cuda:0
163,0.7148000001907349,0.6783999986946583,0.06110000051558018,0.5834999997168779,2.1051000002771616,"(1, 3, 640, 640)",torch.float16,cuda:0
164,0.6613999996334314,0.6477999985218048,0.038200002163648605,0.4955000001937151,1.8792000003159046,"(1, 3, 640, 640)",torch.float16,cuda:0
165,0.7343000005930662,0.6589999999850988,0.06250000186264515,0.5855999998748302,2.1114999987185,"(1, 3, 640, 640)",torch.float16,cuda:0
166,0.6976000014692545,0.6465999986976385,0.05899999849498272,0.5723999999463558,2.0398999992758036,"(1, 3, 640, 640)",torch.float16,cuda:0
167,0.6458999998867512,0.6464999988675117,0.038599999621510506,0.49829999916255474,1.8662000000476837,"(1, 3, 640, 640)",torch.float16,cuda:0
168,0.794199999421835,0.6844999995082617,0.06469999998807907,0.6227000001817942,2.258100001141429,"(1, 3, 640, 640)",torch.float16,cuda:0
169,0.6355999987572432,0.721000000834465,0.04659999907016754,0.5605000015348196,2.010300001129508,"(1, 3, 640, 640)",torch.float16,cuda:0
170,0.7026000004261732,0.6800999995321035,0.058399997651576996,0.6054999995976686,2.113100001588464,"(1, 3, 640, 640)",torch.float16,cuda:0
171,0.664300000295043,0.6501000002026558,0.03619999811053276,0.5093000009655952,1.8975000008940697,"(1, 3, 640, 640)",torch.float16,cuda:0
172,0.791100000962615,0.6726999990642071,0.06929999962449074,0.6281999982893467,2.2378000002354383,"(1, 3, 640, 640)",torch.float16,cuda:0
173,0.7180999983102083,0.6533000003546476,0.04600000008940697,0.5562999993562698,2.0188999995589256,"(1, 3, 640, 640)",torch.float16,cuda:0
174,0.7099999990314245,0.6323000006377697,0.0681999996304512,0.7359999995678663,2.2238999996334314,"(1, 3, 640, 640)",torch.float16,cuda:0
175,0.726800000295043,0.6107000019401312,0.048499999567866325,0.588400000706315,2.0338000021874905,"(1, 3, 640, 640)",torch.float16,cuda:0
176,0.7749000005424023,0.687899999320507,0.06709999963641167,0.6919999998062849,2.3008000012487173,"(1, 3, 640, 640)",torch.float16,cuda:0
177,0.6968999989330769,0.6579999998211861,0.04860000126063824,0.5460999999195337,1.999499998986721,"(1, 3, 640, 640)",torch.float16,cuda:0
178,0.7425999995321035,0.6976999994367361,0.06660000048577785,0.6236000005155802,2.2020999994128942,"(1, 3, 640, 640)",torch.float16,cuda:0
179,0.693299999460578,0.6781000010669231,0.04920000024139881,0.5479000005871058,2.0139999985694885,"(1, 3, 640, 640)",torch.float16,cuda:0
180,0.754899999126792,0.6892999988049269,0.06719999946653843,0.6614999994635582,2.2469999995082617,"(1, 3, 640, 640)",torch.float16,cuda:0
181,0.6538999974727631,0.646900000050664,0.05740000121295452,0.5509000010788441,1.976000001654029,"(1, 3, 640, 640)",torch.float16,cuda:0
182,0.6254000011831522,0.6195000000298023,0.06159999966621399,0.5888000000268221,1.9647000022232533,"(1, 3, 640, 640)",torch.float16,cuda:0
183,0.6825999990105629,0.6928999982774258,0.0654000025242567,0.6068000011146069,2.123700000345707,"(1, 3, 640, 640)",torch.float16,cuda:0
184,0.5968000013381243,0.6134000010788441,0.04229999892413616,0.545099999755621,1.837500000372529,"(1, 3, 640, 640)",torch.float16,cuda:0
185,0.6061000004410744,0.6060999985784292,0.06509999744594097,0.6039000004529953,1.9540999997407198,"(1, 3, 640, 640)",torch.float16,cuda:0
186,0.5935999993234873,0.6301000006496906,0.039899999275803566,0.5574999991804361,1.8608999997377396,"(1, 3, 640, 640)",torch.float16,cuda:0
187,0.7236999999731779,0.7000999990850687,0.06539999879896641,0.6060000006109476,2.1680999994277954,"(1, 3, 640, 640)",torch.float16,cuda:0
188,0.6676000002771616,0.6667999997735023,0.04150000028312206,0.5175999999046326,1.931700000539422,"(1, 3, 640, 640)",torch.float16,cuda:0
189,3.454899998381734,0.7848000004887581,0.06790000014007092,0.849999999627471,5.249900000169873,"(1, 3, 640, 640)",torch.float16,cuda:0
190,0.8098000008612871,0.690200001001358,0.06460000202059746,0.642400000244379,2.280300000682473,"(1, 3, 640, 640)",torch.float16,cuda:0
191,0.6533999983221292,0.664300000295043,0.06220000237226486,0.5877999998629093,2.0359000004827976,"(1, 3, 640, 640)",torch.float16,cuda:0
192,0.6151000000536442,0.6337000001221895,0.041199998930096626,0.5419999994337559,1.8760999981313944,"(1, 3, 640, 640)",torch.float16,cuda:0
193,0.6717000007629395,0.6675000004470348,0.05950000137090683,0.6140000000596046,2.0787999983876944,"(1, 3, 640, 640)",torch.float16,cuda:0
194,0.7246999982744455,0.7027000021189451,0.04609999991953373,0.5827999990433455,2.100399998947978,"(1, 3, 640, 640)",torch.float16,cuda:0
195,0.8083999995142221,0.7565000001341105,0.06220000050961971,0.5898000001907349,2.2923000007867813,"(1, 3, 640, 640)",torch.float16,cuda:0
196,0.8183999992907047,0.6989000011235476,0.06269999966025352,0.6314000003039837,2.2876999992877245,"(1, 3, 640, 640)",torch.float16,cuda:0
197,0.6699000000953674,0.646900000050664,0.040200000628829,0.5960999988019466,1.992799999192357,"(1, 3, 640, 640)",torch.float16,cuda:0
198,0.8057000003755093,0.6949000004678965,0.06630000099539757,0.6415000017732382,2.2870999984443188,"(1, 3, 640, 640)",torch.float16,cuda:0
199,0.6550999991595745,0.7071999981999397,0.043700000271201134,0.5452999994158745,1.9921000003814697,"(1, 3, 640, 640)",torch.float16,cuda:0
200,0.6933000013232231,0.6692000012844801,0.06080000102519989,0.6314000003039837,2.126000002026558,"(1, 3, 640, 640)",torch.float16,cuda:0
201,0.6232000011950731,0.6666999980807304,0.042899999767541885,0.538399999961257,1.913399999961257,"(1, 3, 640, 640)",torch.float16,cuda:0
202,0.7095999997109175,0.6202000007033348,0.06269999966025352,0.6993000004440546,2.160699998959899,"(1, 3, 640, 640)",torch.float16,cuda:0
203,0.5933999996632338,0.6453000009059906,0.03930000029504299,0.5868999995291233,1.9039999973028898,"(1, 3, 640, 640)",torch.float16,cuda:0
204,0.6867999993264675,0.6679999977350235,0.06279999949038029,0.6070000007748604,2.095599999651313,"(1, 3, 640, 640)",torch.float16,cuda:0
205,0.6612999998033047,0.6597000006586313,0.04480000026524067,0.5285999979823828,1.9357999972999096,"(1, 3, 640, 640)",torch.float16,cuda:0
206,0.7668999992311001,0.7016000002622604,0.06599999964237213,0.6749999988824129,2.288500001654029,"(1, 3, 640, 640)",torch.float16,cuda:0
207,0.7617000006139278,0.7285999990999699,0.04809999838471413,0.5529000014066696,2.1331999991089106,"(1, 3, 640, 640)",torch.float16,cuda:0
208,0.7053000014275312,0.6725999992340803,0.06110000051558018,0.6351000014692545,2.146000001579523,"(1, 3, 640, 640)",torch.float16,cuda:0
209,0.6284999996423721,0.6798000000417233,0.04449999891221523,0.5866999998688698,1.983899999409914,"(1, 3, 640, 640)",torch.float16,cuda:0
210,0.6802000012248755,0.6660999990999699,0.06320000253617764,0.7157000005245209,2.1958000008016825,"(1, 3, 640, 640)",torch.float16,cuda:0
211,0.6766999997198582,0.674600001424551,0.06199999898672104,0.6337000001221895,2.112999999895692,"(1, 3, 640, 640)",torch.float16,cuda:0
212,0.6562000010162592,0.6568000018596649,0.05909999832510948,0.6178999990224838,2.055900000035763,"(1, 3, 640, 640)",torch.float16,cuda:0
213,0.7939999997615814,0.6669999975711107,0.06729999929666519,0.7225999999791384,2.324100000783801,"(1, 3, 640, 640)",torch.float16,cuda:0
214,0.784000001847744,0.680800000205636,0.048499999567866325,0.6577000003308058,2.2219999991357327,"(1, 3, 640, 640)",torch.float16,cuda:0
215,0.7274000011384487,0.6600999999791384,0.061000000685453415,0.7115000002086163,2.230500001460314,"(1, 3, 640, 640)",torch.float16,cuda:0
216,0.6550999991595745,0.659000001847744,0.041200000792741776,0.5555000007152557,1.9500999990850687,"(1, 3, 640, 640)",torch.float16,cuda:0
217,0.7542999982833862,0.6653000004589558,0.06379999965429306,0.7171000000089407,2.2752000000327826,"(1, 3, 640, 640)",torch.float16,cuda:0
218,0.6525999996811152,0.7562000006437302,0.04260000213980675,0.5794999990612268,2.073699999600649,"(1, 3, 640, 640)",torch.float16,cuda:0
219,0.6928000003099442,0.6678000018000603,0.06350000016391277,0.6173000000417233,2.1114000007510185,"(1, 3, 640, 640)",torch.float16,cuda:0
220,0.639199998229742,0.7002999987453222,0.03969999961555004,0.549100000411272,1.9671000000089407,"(1, 3, 640, 640)",torch.float16,cuda:0
221,0.7251999992877245,0.6693999990820885,0.06460000202059746,0.6171999983489513,2.149200001731515,"(1, 3, 640, 640)",torch.float16,cuda:0
222,0.6562999989837408,0.6601999998092651,0.03849999979138374,0.536599999293685,1.9295999985188246,"(1, 3, 640, 640)",torch.float16,cuda:0
223,0.7450999990105629,0.6592000015079975,0.0617000013589859,0.6474000010639429,2.1844999995082617,"(1, 3, 640, 640)",torch.float16,cuda:0
224,0.6613999996334314,0.6428999993950129,0.04480000026524067,0.5666999984532595,1.9635000005364418,"(1, 3, 640, 640)",torch.float16,cuda:0
225,0.8815000001341105,0.6455000005662441,0.07029999978840351,0.6343000009655952,2.305000001564622,"(1, 3, 640, 640)",torch.float16,cuda:0
226,0.7011000011116266,0.6660000011324883,0.060999998822808266,0.6295999996364117,2.126400001347065,"(1, 3, 640, 640)",torch.float16,cuda:0
227,0.7449999991804361,0.652199998497963,0.04079999960958958,0.5348000004887581,2.0113999992609024,"(1, 3, 640, 640)",torch.float16,cuda:0
228,0.7654999997466803,0.6666000001132488,0.06409999914467335,0.5940000005066395,2.162499999627471,"(1, 3, 640, 640)",torch.float16,cuda:0
229,0.678099999204278,0.670499999076128,0.04389999993145466,0.5445000007748604,1.9843999985605478,"(1, 3, 640, 640)",torch.float16,cuda:0
230,0.7281999979168177,0.6519000008702278,0.0605000015348196,0.5877999998629093,2.0966999996453524,"(1, 3, 640, 640)",torch.float16,cuda:0
231,0.661599999293685,0.6438999995589256,0.037700001150369644,0.5317000020295382,1.913299998268485,"(1, 3, 640, 640)",torch.float16,cuda:0
232,0.6913999989628792,0.6761000007390976,0.08899999782443047,0.6195000018924475,2.148700000718236,"(1, 3, 640, 640)",torch.float16,cuda:0
233,0.6471000015735626,0.6635000016540289,0.04999999888241291,0.5538999997079372,1.9605000019073486,"(1, 3, 640, 640)",torch.float16,cuda:0
234,0.7074999995529652,0.6591000016778708,0.05869999900460243,0.6220999993383884,2.1158999986946583,"(1, 3, 640, 640)",torch.float16,cuda:0
235,0.6055000014603138,0.6442000009119511,0.03890000283718109,0.5709999985992908,1.9001999981701374,"(1, 3, 640, 640)",torch.float16,cuda:0
236,0.7645000014454126,0.6595000009983778,0.06499999947845936,0.7590999994426966,2.3203999996185303,"(1, 3, 640, 640)",torch.float16,cuda:0
237,0.6759999990463257,0.653999999165535,0.045100001618266106,0.5502999983727932,1.9690000005066395,"(1, 3, 640, 640)",torch.float16,cuda:0
238,0.7528999987989664,0.6520999986678362,0.061799999326467514,0.5943999998271465,2.130800001323223,"(1, 3, 640, 640)",torch.float16,cuda:0
239,0.7083000000566244,0.6823999993503094,0.039400000125169754,0.4962999988347292,1.9649000000208616,"(1, 3, 640, 640)",torch.float16,cuda:0
240,0.7518999986350536,0.6897999979555607,0.0747000016272068,0.6469999980181456,2.237099999561906,"(1, 3, 640, 640)",torch.float16,cuda:0
241,0.7805000003427267,0.6943999994546175,0.1010999996215105,0.7461999990046024,2.413799999281764,"(1, 3, 640, 640)",torch.float16,cuda:0
242,0.6980000007897615,0.6402000002563,0.08470000140368938,0.7427999991923571,2.253499997779727,"(1, 3, 640, 640)",torch.float16,cuda:0
243,0.7668999992311001,0.6785999983549118,0.07390000112354755,0.669199999421835,2.2633000016212463,"(1, 3, 640, 640)",torch.float16,cuda:0
244,0.6160999983549118,0.7053999993950129,0.048500001430511475,0.6190999988466501,2.051000000908971,"(1, 3, 640, 640)",torch.float16,cuda:0
245,0.7155000008642673,0.639299999922514,0.06120000034570694,0.6040000002831221,2.088500000536442,"(1, 3, 640, 640)",torch.float16,cuda:0
246,0.6647999994456768,0.6467000003904104,0.04540000110864639,0.5492000002413988,1.9495000001043081,"(1, 3, 640, 640)",torch.float16,cuda:0
247,0.82010000012815,0.6771000009030104,0.06909999996423721,0.6355000007897615,2.280299998819828,"(1, 3, 640, 640)",torch.float16,cuda:0
248,0.6769000012427568,0.6810999996960163,0.05550000071525574,0.6151999980211258,2.084400000050664,"(1, 3, 640, 640)",torch.float16,cuda:0
249,0.8152999989688396,0.6671999990940094,0.07840000092983246,0.753499997779727,2.4272999987006187,"(1, 3, 640, 640)",torch.float16,cuda:0
250,0.6796000003814697,0.774600001052022,0.05859999917447567,0.6678000018000603,2.2374000009149313,"(1, 3, 640, 640)",torch.float16,cuda:0
251,0.8350999988615513,0.7085000015795231,0.06889999844133854,0.6953999996185303,2.3919000010937452,"(1, 3, 640, 640)",torch.float16,cuda:0
252,0.7229000013321638,0.7017000000923872,0.05770000256597996,0.6473999992012978,2.1860000006854534,"(1, 3, 640, 640)",torch.float16,cuda:0
253,0.7512999996542931,0.6480999998748302,0.06910000182688236,0.6219999995082617,2.1663000024855137,"(1, 3, 640, 640)",torch.float16,cuda:0
254,0.6508999988436699,0.6868000011891127,0.0482999999076128,0.5453999992460012,1.9791000001132488,"(1, 3, 640, 640)",torch.float16,cuda:0
255,0.6728999987244606,0.642000000923872,0.06859999895095825,0.6259999983012676,2.0865000002086163,"(1, 3, 640, 640)",torch.float16,cuda:0
256,0.6551000010222197,0.6289000008255243,0.06180000118911266,0.5964999999850988,2.011200001463294,"(1, 3, 640, 640)",torch.float16,cuda:0
257,0.6636999994516373,0.6515000015497208,0.048100000247359276,0.545499999076128,1.9587999992072582,"(1, 3, 640, 640)",torch.float16,cuda:0
258,0.9237000029534101,0.666600001975894,0.06499999947845936,0.6765999998897314,2.4053000025451183,"(1, 3, 640, 640)",torch.float16,cuda:0
259,0.6509999986737967,0.697800001129508,0.05140000022947788,0.5878999996930361,2.0386000014841557,"(1, 3, 640, 640)",torch.float16,cuda:0
260,0.7230999991297722,0.6907000001519918,0.06639999896287918,0.7523999996483326,2.307200001552701,"(1, 3, 640, 640)",torch.float16,cuda:0
261,0.6983000002801418,0.6667000018060207,0.044999998062849045,0.7119999974966049,2.1655000001192093,"(1, 3, 640, 640)",torch.float16,cuda:0
262,0.7469999995082617,0.687899999320507,0.0775000024586916,0.611600000411272,2.224999999627471,"(1, 3, 640, 640)",torch.float16,cuda:0
263,0.6838000006973743,0.6721999999135733,0.046299999579787254,0.6379000004380941,2.0828000009059906,"(1, 3, 640, 640)",torch.float16,cuda:0
264,0.7229999992996454,0.6858999989926815,0.06159999966621399,0.6046999990940094,2.146399999037385,"(1, 3, 640, 640)",torch.float16,cuda:0
265,0.6830000001937151,0.6915999986231327,0.04209999926388264,0.5432999990880489,2.0041999984532595,"(1, 3, 640, 640)",torch.float16,cuda:0
266,0.7619000002741814,0.6927000004798174,0.06319999881088734,0.5952000003308058,2.185200000181794,"(1, 3, 640, 640)",torch.float16,cuda:0
267,0.7026000004261732,0.6759999990463257,0.04429999925196171,0.5366000011563301,2.0015999991446733,"(1, 3, 640, 640)",torch.float16,cuda:0
268,0.8103000000119209,0.6966999992728233,0.06020000018179417,0.5936000011861324,2.2324000000953674,"(1, 3, 640, 640)",torch.float16,cuda:0
269,0.713400000706315,0.6920999996364117,0.043300000950694084,0.694599999114871,2.184699999168515,"(1, 3, 640, 640)",torch.float16,cuda:0
270,0.7574000004678965,0.6912000011652708,0.0608999989926815,0.6714999992400408,2.249899998307228,"(1, 3, 640, 640)",torch.float16,cuda:0
271,0.7165000010281801,0.6870000008493662,0.06039999984204769,0.6239000000059605,2.156700000166893,"(1, 3, 640, 640)",torch.float16,cuda:0
272,0.9845000002533197,0.8779000006616116,0.07540000043809414,0.7264000028371811,2.745899999514222,"(1, 3, 640, 640)",torch.float16,cuda:0
273,0.8908999990671873,0.7329000011086464,0.06399999931454659,0.6683999989181757,2.431199999526143,"(1, 3, 640, 640)",torch.float16,cuda:0
274,0.7471999991685152,0.6977999992668629,0.046400001272559166,0.6217999998480082,2.159900000318885,"(1, 3, 640, 640)",torch.float16,cuda:0
275,0.687899999320507,0.7035000007599592,0.06070000119507313,0.6656999997794628,2.184000002220273,"(1, 3, 640, 640)",torch.float16,cuda:0
276,0.6188999991863966,0.7039000019431114,0.04470000043511391,0.5764000024646521,1.9859999995678663,"(1, 3, 640, 640)",torch.float16,cuda:0
277,0.7390999998897314,0.6803999990224838,0.07030000165104866,0.630799999460578,2.2027000002563,"(1, 3, 640, 640)",torch.float16,cuda:0
278,0.6426999997347593,0.6803000010550022,0.03930000029504299,0.5990000013262033,2.0012000016868114,"(1, 3, 640, 640)",torch.float16,cuda:0
279,0.6797000020742416,0.6618000008165836,0.06069999933242798,0.6398000009357929,2.113400001078844,"(1, 3, 640, 640)",torch.float16,cuda:0
280,0.6419000010937452,0.6852000001817942,0.042500000447034836,0.5668000001460314,1.9788999985903502,"(1, 3, 640, 640)",torch.float16,cuda:0
281,0.7285999990999699,0.6914000008255243,0.06380000151693821,0.5890999995172024,2.1454000007361174,"(1, 3, 640, 640)",torch.float16,cuda:0
282,0.6588000003248453,0.6769999992102385,0.03969999961555004,0.5239000003784895,1.9373000003397465,"(1, 3, 640, 640)",torch.float16,cuda:0
283,0.7377000004053116,0.6834000013768673,0.05960000120103359,0.6181000005453825,2.16330000013113,"(1, 3, 640, 640)",torch.float16,cuda:0
284,0.6425999999046326,0.67989999987185,0.039000000804662704,0.5287999995052814,1.927199998870492,"(1, 3, 640, 640)",torch.float16,cuda:0
285,0.6798000000417233,0.658500000834465,0.06330000050365925,0.6233000010251999,2.0972000006586313,"(1, 3, 640, 640)",torch.float16,cuda:0
286,0.6632000003010035,0.6985999997705221,0.06030000001192093,0.5957999993115664,2.0868999995291233,"(1, 3, 640, 640)",torch.float16,cuda:0
287,0.6535000018775463,0.7199000008404255,0.04089999757707119,0.5214000009000301,1.9735000021755695,"(1, 3, 640, 640)",torch.float16,cuda:0
288,0.7968000005930662,0.7535000015050173,0.07719999924302101,0.688400000333786,2.393799999728799,"(1, 3, 640, 640)",torch.float16,cuda:0
289,0.661599999293685,0.6886999998241663,0.044599998742341995,0.5394999999552965,1.9754000008106232,"(1, 3, 640, 640)",torch.float16,cuda:0
290,0.7140999995172024,0.6402000002563,0.06149999983608723,0.6785999983549118,2.165699999779463,"(1, 3, 640, 640)",torch.float16,cuda:0
291,0.6641000006347895,0.6092999987304211,0.0430000014603138,0.6297999992966652,1.9857999999076128,"(1, 3, 640, 640)",torch.float16,cuda:0
292,0.7062999997287989,0.5898000001907349,0.061799999326467514,0.6991999987512827,2.1286999993026257,"(1, 3, 640, 640)",torch.float16,cuda:0
293,0.6247000005096197,0.617000000551343,0.047999998554587364,0.6640000008046627,2.0010999999940395,"(1, 3, 640, 640)",torch.float16,cuda:0
294,0.7561000008136034,0.6425000000745058,0.06020000018179417,0.6296999994665384,2.1591000016778708,"(1, 3, 640, 640)",torch.float16,cuda:0
295,0.6645999997854233,0.639199998229742,0.04079999960958958,0.5420999992638826,1.9259999990463257,"(1, 3, 640, 640)",torch.float16,cuda:0
296,0.7489999998360872,0.683899998664856,0.0628999974578619,0.6665000002831221,2.2357999980449677,"(1, 3, 640, 640)",torch.float16,cuda:0
297,0.6352999992668629,0.6551999989897013,0.04049999825656414,0.5379999987781048,1.9091999996453524,"(1, 3, 640, 640)",torch.float16,cuda:0
298,0.7255000006407499,0.6578999999910593,0.061799999326467514,0.6575000006705523,2.171000000089407,"(1, 3, 640, 640)",torch.float16,cuda:0
299,0.6368999984115362,0.6677000001072884,0.0414000004529953,0.5373999997973442,1.924499999731779,"(1, 3, 640, 640)",torch.float16,cuda:0
300,0.6930999979376793,0.6345000006258488,0.061899999156594276,0.6283999998122454,2.0881999991834164,"(1, 3, 640, 640)",torch.float16,cuda:0
301,0.7044999990612268,0.6482999995350838,0.06039999984204769,0.6417000014334917,2.123599998652935,"(1, 3, 640, 640)",torch.float16,cuda:0
302,0.744200000539422,0.6639000009745359,0.05939999967813492,0.5717000011354685,2.1086999978870153,"(1, 3, 640, 640)",torch.float16,cuda:0
303,0.6766999997198582,0.6968999989330769,0.06839999929070473,0.6313000004738569,2.1520000007003546,"(1, 3, 640, 640)",torch.float16,cuda:0
304,0.7453000005334616,0.7050999999046326,0.07600000128149986,0.7438999991863966,2.348600000143051,"(1, 3, 640, 640)",torch.float16,cuda:0
305,0.6890000011771917,0.6654000002890825,0.06689999997615814,0.6082000005990267,2.102599998936057,"(1, 3, 640, 640)",torch.float16,cuda:0
306,0.6486999988555908,0.6864000000059605,0.04379999823868275,0.5293000005185604,1.9503000006079674,"(1, 3, 640, 640)",torch.float16,cuda:0
307,0.6803000010550022,0.6461999993771315,0.05910000205039978,0.5794000010937452,2.0313999988138676,"(1, 3, 640, 640)",torch.float16,cuda:0
308,0.5937999989837408,0.6704000011086464,0.035999998450279236,0.5111999996006489,1.8467999994754791,"(1, 3, 640, 640)",torch.float16,cuda:0
309,0.7128999996930361,0.6647999994456768,0.07410000078380108,0.6458999998867512,2.183399999514222,"(1, 3, 640, 640)",torch.float16,cuda:0
310,0.6936000008136034,0.6614999994635582,0.049800001084804535,0.5924999993294477,2.046900000423193,"(1, 3, 640, 640)",torch.float16,cuda:0
311,0.8928000014275312,0.7559000011533499,0.07560000009834766,0.6743999999016523,2.46339999884367,"(1, 3, 640, 640)",torch.float16,cuda:0
312,0.7181000001728535,0.678999999538064,0.05570000037550926,0.5641999989748001,2.072699999436736,"(1, 3, 640, 640)",torch.float16,cuda:0
313,0.6895999982953072,0.6629000008106232,0.061400000005960464,0.6014000009745359,2.084300000220537,"(1, 3, 640, 640)",torch.float16,cuda:0
314,0.6963000018149614,0.674600001424551,0.04310000129044056,0.6149000003933907,2.072699999436736,"(1, 3, 640, 640)",torch.float16,cuda:0
315,0.8059999998658895,0.6895000003278255,0.08470000140368938,0.6028000004589558,2.252599999308586,"(1, 3, 640, 640)",torch.float16,cuda:0
316,0.8501999992877245,0.6608000006526709,0.04579999856650829,0.5860999990254641,2.189299998804927,"(1, 3, 640, 640)",torch.float16,cuda:0
317,0.7991999983787537,0.7229999992996454,0.07150000147521496,0.775000000372529,2.4469999987632036,"(1, 3, 640, 640)",torch.float16,cuda:0
318,0.7618000004440546,0.6679999995976686,0.061900001019239426,0.6466000005602837,2.2104000002145767,"(1, 3, 640, 640)",torch.float16,cuda:0
319,0.6289999987930059,0.6557000000029802,0.04019999876618385,0.5446000006049871,1.908500000834465,"(1, 3, 640, 640)",torch.float16,cuda:0
320,0.7995000015944242,0.6818000003695488,0.0653000008314848,0.6135999988764524,2.234299998730421,"(1, 3, 640, 640)",torch.float16,cuda:0
321,0.6711999997496605,0.6753000002354383,0.03779999911785126,0.5171999987214804,1.940200001001358,"(1, 3, 640, 640)",torch.float16,cuda:0
322,0.7031999994069338,0.6602999996393919,0.058000002056360245,0.5758000016212463,2.063799999654293,"(1, 3, 640, 640)",torch.float16,cuda:0
323,0.6388999987393618,0.6492999996989965,0.04149999842047691,0.5206999983638525,1.8914000000804663,"(1, 3, 640, 640)",torch.float16,cuda:0
324,0.8106000013649464,0.6663000006228685,0.06880000047385693,0.6418999992311001,2.2648999989032745,"(1, 3, 640, 640)",torch.float16,cuda:0
325,0.7311000004410744,0.7016000002622604,0.045099999755620956,0.6685000006109476,2.1885000001639128,"(1, 3, 640, 640)",torch.float16,cuda:0
326,0.9237999990582466,0.6785000003874302,0.0681999996304512,0.7115999981760979,2.4580999985337257,"(1, 3, 640, 640)",torch.float16,cuda:0
327,0.6765999998897314,0.6627000011503696,0.04479999840259552,0.5602999981492758,1.9856000002473593,"(1, 3, 640, 640)",torch.float16,cuda:0
328,0.8290999997407198,0.6455000005662441,0.06780000030994415,0.7181000001728535,2.336100000888109,"(1, 3, 640, 640)",torch.float16,cuda:0
329,0.7089999988675117,0.6567999981343746,0.0494999997317791,0.5625999998301268,2.0256000012159348,"(1, 3, 640, 640)",torch.float16,cuda:0
330,0.7802000008523464,0.7173999976366758,0.06780000030994415,0.6385999992489815,2.2816000003367662,"(1, 3, 640, 640)",torch.float16,cuda:0
331,0.7109999991953373,0.7050000000745058,0.048499999567866325,0.5428999997675419,2.0569000001996756,"(1, 3, 640, 640)",torch.float16,cuda:0
332,0.812899999320507,0.682600000873208,0.0835999995470047,0.6402000002563,2.293700000271201,"(1, 3, 640, 640)",torch.float16,cuda:0
333,0.7743999995291233,0.662899998947978,0.06709999963641167,0.657600000500679,2.2404000014066696,"(1, 3, 640, 640)",torch.float16,cuda:0
334,0.6965999994426966,0.6657999996095896,0.06020000018179417,0.7233000006526709,2.2146000005304813,"(1, 3, 640, 640)",torch.float16,cuda:0
335,0.7832000013440847,0.7017000000923872,0.0636999998241663,0.7033000010997057,2.324999999254942,"(1, 3, 640, 640)",torch.float16,cuda:0
336,0.7041999995708466,0.7047000005841255,0.05170000158250332,0.6524000000208616,2.163699997588992,"(1, 3, 640, 640)",torch.float16,cuda:0
337,0.6875000018626451,0.6743000000715256,0.06540000066161156,0.6275999993085861,2.1278999987989664,"(1, 3, 640, 640)",torch.float16,cuda:0
338,0.580800000578165,0.6448999978601933,0.0467000026255846,0.5134000014513731,1.8310000002384186,"(1, 3, 640, 640)",torch.float16,cuda:0
339,0.6897999998182058,0.6861000005155802,0.06189999729394913,0.5926000010222197,2.1022999975830317,"(1, 3, 640, 640)",torch.float16,cuda:0
340,0.7175999991595745,0.6820000018924475,0.04319999925792217,0.5304999984800816,2.0152000002563,"(1, 3, 640, 640)",torch.float16,cuda:0
341,0.6779999993741512,0.6868999991565943,0.057099999859929085,0.598199998959899,2.085400002077222,"(1, 3, 640, 640)",torch.float16,cuda:0
342,0.6058000009506941,0.6745999995619059,0.04480000026524067,0.5597000010311604,1.9277999997138977,"(1, 3, 640, 640)",torch.float16,cuda:0
343,0.6767999995499849,0.6853999998420477,0.06330000050365925,0.5953999999910593,2.094600001350045,"(1, 3, 640, 640)",torch.float16,cuda:0
344,0.6061000004410744,0.7351000010967255,0.04400000162422657,0.5997999999672174,2.027999999001622,"(1, 3, 640, 640)",torch.float16,cuda:0
345,0.6830999981611967,0.7526999991387129,0.07899999991059303,0.6278999987989664,2.230500001460314,"(1, 3, 640, 640)",torch.float16,cuda:0
346,0.6730999983847141,0.717399999499321,0.0421999990940094,0.555800000205636,2.0305999983102083,"(1, 3, 640, 640)",torch.float16,cuda:0
347,0.6750999987125397,0.6816000007092953,0.05790000036358833,0.6113000027835369,2.093400001525879,"(1, 3, 640, 640)",torch.float16,cuda:0
348,0.6669999994337559,0.646900000050664,0.06289999932050705,0.589300001040101,2.0363999996334314,"(1, 3, 640, 640)",torch.float16,cuda:0
349,0.6084999982267618,0.6760000009089708,0.0414000004529953,0.5370000004768372,1.9018999990075827,"(1, 3, 640, 640)",torch.float16,cuda:0
350,0.6547000017017126,0.6732999980449677,0.0633000023663044,0.6149000003933907,2.0812000017613173,"(1, 3, 640, 640)",torch.float16,cuda:0
351,0.6043000016361475,0.6734999995678663,0.04269999824464321,0.5291999988257885,1.891100000590086,"(1, 3, 640, 640)",torch.float16,cuda:0
352,0.635800002142787,0.6710999999195337,0.058400001376867294,0.5731000006198883,2.0039000008255243,"(1, 3, 640, 640)",torch.float16,cuda:0
353,0.5938000027090311,0.6806000005453825,0.04150000028312206,0.5220999997109175,1.8782999981194735,"(1, 3, 640, 640)",torch.float16,cuda:0
354,0.7306000012904406,0.6913000009953976,0.06909999996423721,0.7024999987334013,2.271800000220537,"(1, 3, 640, 640)",torch.float16,cuda:0
355,0.6991000007838011,0.7273999992758036,0.050599999725818634,0.5401000007987022,2.0675999969244003,"(1, 3, 640, 640)",torch.float16,cuda:0
356,0.6814999990165234,0.7074999995529652,0.12209999933838844,0.6414000000804663,2.2510999999940395,"(1, 3, 640, 640)",torch.float16,cuda:0
357,0.6381000000983477,0.6534000001847744,0.04359999857842922,0.5959999989718199,1.9728999994695187,"(1, 3, 640, 640)",torch.float16,cuda:0
358,0.6727000009268522,0.6704000011086464,0.06430000066757202,0.6583999991416931,2.1409000009298325,"(1, 3, 640, 640)",torch.float16,cuda:0
359,0.6101000010967255,0.6656999979168177,0.044199999421834946,0.6196000017225742,1.9803999997675419,"(1, 3, 640, 640)",torch.float16,cuda:0
360,0.705400001257658,0.6309000011533499,0.0665999986231327,0.7247000001370907,2.2068999987095594,"(1, 3, 640, 640)",torch.float16,cuda:0
361,0.6195999998599291,0.6183999981731176,0.04040000028908253,0.6061000004410744,1.9238000009208918,"(1, 3, 640, 640)",torch.float16,cuda:0
362,0.6536000017076731,0.6656999997794628,0.056199999526143074,0.6055999994277954,2.0466000009328127,"(1, 3, 640, 640)",torch.float16,cuda:0
363,0.6437999997287989,0.6110000014305115,0.06090000085532665,0.6046000011265278,1.9938999991863966,"(1, 3, 640, 640)",torch.float16,cuda:0
364,0.671000000089407,0.624499998986721,0.061000000685453415,0.5966999996453524,2.0208000000566244,"(1, 3, 640, 640)",torch.float16,cuda:0
365,0.7506999988108873,0.7148999981582165,0.06940000131726265,0.749600000679493,2.3702999986708164,"(1, 3, 640, 640)",torch.float16,cuda:0
366,0.6841000001877546,0.6887000016868114,0.04819999821484089,0.6891000010073185,2.1574000008404255,"(1, 3, 640, 640)",torch.float16,cuda:0
367,0.709400000050664,0.6939000003039837,0.0605000015348196,0.7246000003069639,2.2591000013053417,"(1, 3, 640, 640)",torch.float16,cuda:0
368,0.6229999996721745,0.6785000003874302,0.042500000447034836,0.6479000002145767,2.0346000008285046,"(1, 3, 640, 640)",torch.float16,cuda:0
369,0.8717000000178814,0.6959000006318092,0.06450000032782555,0.6604000013321638,2.372500002384186,"(1, 3, 640, 640)",torch.float16,cuda:0
370,0.6778000015765429,0.7036999985575676,0.04879999719560146,0.7020999975502491,2.1850000005215406,"(1, 3, 640, 640)",torch.float16,cuda:0
371,0.7249000016599894,0.6589000001549721,0.06030000001192093,0.6411999985575676,2.156299998983741,"(1, 3, 640, 640)",torch.float16,cuda:0
372,0.6654000002890825,0.6734999977052212,0.03920000046491623,0.5486000012606382,1.9630999993532896,"(1, 3, 640, 640)",torch.float16,cuda:0
373,0.8187000006437302,0.6688999999314547,0.06300000101327896,0.653200002387166,2.278100000694394,"(1, 3, 640, 640)",torch.float16,cuda:0
374,0.681700000539422,0.6845999993383884,0.043700000271201134,0.5461999997496605,2.0008000005036592,"(1, 3, 640, 640)",torch.float16,cuda:0
375,0.7402999997138977,0.7057000007480383,0.061900001019239426,0.6377999987453222,2.216399999335408,"(1, 3, 640, 640)",torch.float16,cuda:0
376,0.6932999975979328,0.6597999986261129,0.04310000129044056,0.5592999998480082,1.9965000003576279,"(1, 3, 640, 640)",torch.float16,cuda:0
377,0.7081000003963709,0.6785000003874302,0.05960000120103359,0.6147000007331371,2.127199999988079,"(1, 3, 640, 640)",torch.float16,cuda:0
378,0.7450999990105629,0.6894000004976988,0.06199999898672104,0.6327999997884035,2.1995999980717897,"(1, 3, 640, 640)",torch.float16,cuda:0
379,0.6507000010460615,0.6544000003486872,0.04389999993145466,0.549100000411272,1.9381999988108873,"(1, 3, 640, 640)",torch.float16,cuda:0
380,0.8279999997466803,0.6773999985307455,0.0657999999821186,0.6217999998480082,2.2685000002384186,"(1, 3, 640, 640)",torch.float16,cuda:0
381,0.6671999990940094,0.686999998986721,0.041200000792741776,0.5299000013619661,1.9834000002592802,"(1, 3, 640, 640)",torch.float16,cuda:0
382,0.7435000017285347,0.625,0.06039999984204769,0.6565000005066395,2.1567999981343746,"(1, 3, 640, 640)",torch.float16,cuda:0
383,0.6410000007599592,0.6062000002712011,0.038999997079372406,0.5210999995470047,1.8468999993056059,"(1, 3, 640, 640)",torch.float16,cuda:0
384,0.7218999993056059,0.5795999988913536,0.06109999865293503,0.6739999987185001,2.109299998730421,"(1, 3, 640, 640)",torch.float16,cuda:0
385,0.6420999988913536,0.5907999984920025,0.04139999859035015,0.5742000006139278,1.889699999243021,"(1, 3, 640, 640)",torch.float16,cuda:0
386,0.6900999993085861,0.6281000003218651,0.06669999845325947,0.6792999990284443,2.1420999988913536,"(1, 3, 640, 640)",torch.float16,cuda:0
387,0.6620999984443188,0.6498999986797571,0.0357000008225441,0.537899998947978,1.9175999984145164,"(1, 3, 640, 640)",torch.float16,cuda:0
388,0.7395000010728836,0.6526999995112419,0.06589999981224537,0.6408000010997057,2.1706000007689,"(1, 3, 640, 640)",torch.float16,cuda:0
389,0.6507999990135431,0.6547999996691942,0.038099998608231544,0.5413000006228685,1.9221999999135733,"(1, 3, 640, 640)",torch.float16,cuda:0
390,0.7335999999195337,0.6495999991893768,0.06210000067949295,0.6185999996960163,2.1340999975800514,"(1, 3, 640, 640)",torch.float16,cuda:0
391,0.6403000000864267,0.6482999995350838,0.04319999925792217,0.5351999998092651,1.9080999977886677,"(1, 3, 640, 640)",torch.float16,cuda:0
392,0.6986999996006489,0.6647999994456768,0.08129999972879887,0.6154999993741512,2.1403999999165535,"(1, 3, 640, 640)",torch.float16,cuda:0
393,0.7467000000178814,0.660699998959899,0.06350000016391277,0.647299999371171,2.1867999993264675,"(1, 3, 640, 640)",torch.float16,cuda:0
394,0.6988999992609024,0.674100000411272,0.06090000085532665,0.6241999994963408,2.1273999996483326,"(1, 3, 640, 640)",torch.float16,cuda:0
395,0.7880999986082315,0.6993999984115362,0.06550000049173832,0.6357000004500151,2.261199999600649,"(1, 3, 640, 640)",torch.float16,cuda:0
396,0.6905000004917383,0.8375999983400106,0.07540000230073929,0.5900999996811152,2.2515000011771917,"(1, 3, 640, 640)",torch.float16,cuda:0
397,0.71509999781847,0.6458999998867512,0.06540000066161156,0.6097999997437,2.1105000004172325,"(1, 3, 640, 640)",torch.float16,cuda:0
398,0.6407000012695789,0.6326999980956316,0.06240000016987324,0.5910000000149012,1.9967999998480082,"(1, 3, 640, 640)",torch.float16,cuda:0
399,0.9327999986708164,0.6992000006139278,0.06480000168085098,0.625,2.3964999988675117,"(1, 3, 640, 640)",torch.float16,cuda:0
400,0.653999999165535,0.6563999988138676,0.04600000008940697,0.5557000003755093,1.9562999997287989,"(1, 3, 640, 640)",torch.float16,cuda:0
401,0.7171999998390675,0.6642000004649162,0.06110000051558018,0.617000000551343,2.1304999999701977,"(1, 3, 640, 640)",torch.float16,cuda:0
402,0.7076999992132187,0.6853999979794025,0.049300000071525574,0.6261999998241663,2.1173000000417233,"(1, 3, 640, 640)",torch.float16,cuda:0
403,0.8321000002324581,0.7163999993354082,0.07689999975264072,0.8999000005424023,2.6110000014305115,"(1, 3, 640, 640)",torch.float16,cuda:0
404,0.8135999999940395,0.7315000016242266,0.06039999984204769,0.6701999995857477,2.3389999996870756,"(1, 3, 640, 640)",torch.float16,cuda:0
405,0.7815999984741211,0.6772000007331371,0.06790000014007092,0.7326000016182661,2.3355999998748302,"(1, 3, 640, 640)",torch.float16,cuda:0
406,0.7031999994069338,0.6635999996215105,0.053700000047683716,0.6903999987989664,2.162399999797344,"(1, 3, 640, 640)",torch.float16,cuda:0
407,0.9189999997615814,0.7341999989002943,0.06960000097751617,0.7467000000178814,2.555299999192357,"(1, 3, 640, 640)",torch.float16,cuda:0
408,0.7733000013977289,0.7276000007987022,0.06469999998807907,0.6790000014007092,2.3022999987006187,"(1, 3, 640, 640)",torch.float16,cuda:0
409,0.8151000011712313,0.6738999988883734,0.06109999865293503,0.6891999989748001,2.3101000003516674,"(1, 3, 640, 640)",torch.float16,cuda:0
410,0.5998000018298626,0.6547999996691942,0.05040000006556511,0.5906999986618757,1.9453000016510487,"(1, 3, 640, 640)",torch.float16,cuda:0
411,0.7383999992161989,0.6368999984115362,0.0632999986410141,0.6814999990165234,2.1927000004798174,"(1, 3, 640, 640)",torch.float16,cuda:0
412,0.6278000008314848,0.6268999986350536,0.0641000010073185,0.6118000000715256,2.0001999996602535,"(1, 3, 640, 640)",torch.float16,cuda:0
413,0.586600000038743,0.6237000003457069,0.04869999922811985,0.6171000003814697,1.9239999987185001,"(1, 3, 640, 640)",torch.float16,cuda:0
414,0.7602999992668629,0.7499000001698732,0.06670000031590462,0.6401000022888184,2.2898999992758036,"(1, 3, 640, 640)",torch.float16,cuda:0
415,0.9387000016868114,0.7685000002384186,0.052800001576542854,0.6054999995976686,2.4167999997735023,"(1, 3, 640, 640)",torch.float16,cuda:0
416,0.7609000001102686,0.7628000006079674,0.06080000102519989,0.5723000001162291,2.2269000001251698,"(1, 3, 640, 640)",torch.float16,cuda:0
417,0.6611000020056963,0.6908999998122454,0.04520000144839287,0.5219999998807907,1.9646000005304813,"(1, 3, 640, 640)",torch.float16,cuda:0
418,0.781300000846386,0.6806000005453825,0.06539999879896641,0.6035999990999699,2.204499999061227,"(1, 3, 640, 640)",torch.float16,cuda:0
419,0.7601999994367361,0.6578000001609325,0.043800000101327896,0.5420999992638826,2.0453000012785196,"(1, 3, 640, 640)",torch.float16,cuda:0
420,0.676299998536706,0.6655000001192093,0.0698000006377697,0.6180999986827374,2.0997999999672174,"(1, 3, 640, 640)",torch.float16,cuda:0
421,0.7052000015974045,0.6618999987840652,0.04230000078678131,0.5729000009596348,2.022299999371171,"(1, 3, 640, 640)",torch.float16,cuda:0
422,0.7502999994903803,0.6991999987512827,0.08249999955296516,0.626400001347065,2.2359000016003847,"(1, 3, 640, 640)",torch.float16,cuda:0
423,0.6106000002473593,0.6814999990165234,0.042899999767541885,0.5529999993741512,1.9297000002115965,"(1, 3, 640, 640)",torch.float16,cuda:0
424,0.6655000001192093,0.6109999995678663,0.060600001364946365,0.6044999975711107,2.010800000280142,"(1, 3, 640, 640)",torch.float16,cuda:0
425,0.6101999990642071,0.5942999981343746,0.043800000101327896,0.5425000004470348,1.8335999995470047,"(1, 3, 640, 640)",torch.float16,cuda:0
426,0.7156000006943941,0.6622000001370907,0.07279999926686287,0.6669999994337559,2.1905000004917383,"(1, 3, 640, 640)",torch.float16,cuda:0
427,0.6565999984741211,0.6632000021636486,0.06020000018179417,0.7124000005424023,2.1559999994933605,"(1, 3, 640, 640)",torch.float16,cuda:0
428,0.7504999991506338,0.7001999989151955,0.06110000051558018,0.6567999999970198,2.237399999052286,"(1, 3, 640, 640)",torch.float16,cuda:0
429,0.7899999991059303,0.7499000001698732,0.06839999929070473,0.7096000015735626,2.4002999998629093,"(1, 3, 640, 640)",torch.float16,cuda:0
430,0.7632999997586012,0.7167000006884336,0.06220000050961971,0.6013999991118908,2.215099999681115,"(1, 3, 640, 640)",torch.float16,cuda:0
431,0.6713000014424324,0.6894000004976988,0.04299999959766865,0.5406999997794628,2.0077999997884035,"(1, 3, 640, 640)",torch.float16,cuda:0
432,0.7086999993771315,0.6727000009268522,0.06259999983012676,0.5779999997466803,2.0938999988138676,"(1, 3, 640, 640)",torch.float16,cuda:0
433,0.603099999949336,0.7051000017672777,0.04059999994933605,0.5254999995231628,1.913799999281764,"(1, 3, 640, 640)",torch.float16,cuda:0
434,0.7203000001609325,0.6835000012069941,0.06409999914467335,0.5903000012040138,2.1327999997884035,"(1, 3, 640, 640)",torch.float16,cuda:0
435,0.6770000010728836,0.7205999996513128,0.03949999809265137,0.530299998819828,2.0073000006377697,"(1, 3, 640, 640)",torch.float16,cuda:0
436,0.66019999794662,0.6814999990165234,0.06090000085532665,0.6022999994456768,2.077300000935793,"(1, 3, 640, 640)",torch.float16,cuda:0
437,0.6206000000238419,0.6775000002235174,0.04209999926388264,0.5234999991953373,1.9034000001847744,"(1, 3, 640, 640)",torch.float16,cuda:0
438,0.6682999990880489,0.7115000002086163,0.06890000030398369,0.6477999985218048,2.175499999895692,"(1, 3, 640, 640)",torch.float16,cuda:0
439,0.7237999998033047,0.6979999989271164,0.06340000033378601,0.6683000009506941,2.223099999129772,"(1, 3, 640, 640)",torch.float16,cuda:0
440,0.6986000016331673,0.7282999996095896,0.07739999890327454,0.6389000006020069,2.197799999266863,"(1, 3, 640, 640)",torch.float16,cuda:0
441,0.7259999997913837,0.7364000026136637,0.06400000117719173,0.6899999994784594,2.2939000017941,"(1, 3, 640, 640)",torch.float16,cuda:0
442,0.696900000795722,0.7087999992072582,0.042500000447034836,0.5996000003069639,2.0997999999672174,"(1, 3, 640, 640)",torch.float16,cuda:0
443,0.7712999992072582,0.7080999985337257,0.07110000029206276,0.6776000019162893,2.3203999996185303,"(1, 3, 640, 640)",torch.float16,cuda:0
444,0.647299999371171,0.7453999985009432,0.04480000026524067,0.5394000001251698,2.0203000009059906,"(1, 3, 640, 640)",torch.float16,cuda:0
445,0.6479000002145767,0.6858999989926815,0.0644999984651804,0.6072000004351139,2.075899999588728,"(1, 3, 640, 640)",torch.float16,cuda:0
446,0.6807000003755093,0.6176999993622303,0.06149999797344208,0.6811999995261431,2.1100000012665987,"(1, 3, 640, 640)",torch.float16,cuda:0
447,0.8542999979108572,0.6739999987185001,0.06799999997019768,0.7009000014513731,2.380300000309944,"(1, 3, 640, 640)",torch.float16,cuda:0
448,0.803499998524785,0.711200000718236,0.06340000033378601,0.7483000010251999,2.4038000013679266,"(1, 3, 640, 640)",torch.float16,cuda:0
449,0.6755999978631735,0.6813999991863966,0.05049999989569187,0.5742000006139278,2.0230999998748302,"(1, 3, 640, 640)",torch.float16,cuda:0
450,0.7160999998450279,0.6595999989658594,0.06269999966025352,0.6586000006645918,2.169600000604987,"(1, 3, 640, 640)",torch.float16,cuda:0
451,0.6271999981254339,0.6349999997764826,0.037699999287724495,0.567799998447299,1.9069999996572733,"(1, 3, 640, 640)",torch.float16,cuda:0
452,0.7393000014126301,0.6508000008761883,0.06790000014007092,0.7118999995291233,2.2510000001639128,"(1, 3, 640, 640)",torch.float16,cuda:0
453,0.7410999983549118,0.6500999983400106,0.06379999965429306,0.6343000009655952,2.1594999991357327,"(1, 3, 640, 640)",torch.float16,cuda:0
454,0.6184999998658895,0.6722999978810549,0.040299998596310616,0.5438999999314547,1.9144999980926514,"(1, 3, 640, 640)",torch.float16,cuda:0
455,0.7649999987334013,0.6502999998629093,0.05909999832510948,0.6191000007092953,2.1602999977767467,"(1, 3, 640, 640)",torch.float16,cuda:0
456,0.9513000007718801,0.8161999993026257,0.07009999826550484,0.7397000007331371,2.657600000500679,"(1, 3, 640, 640)",torch.float16,cuda:0
457,0.7454000003635883,0.6550999972969294,0.06550000049173832,0.6278000008314848,2.167799999937415,"(1, 3, 640, 640)",torch.float16,cuda:0
458,0.6887999996542931,0.6545999981462955,0.04130000062286854,0.5674000009894371,1.9890999998897314,"(1, 3, 640, 640)",torch.float16,cuda:0
459,0.7059000004082918,0.6466999985277653,0.061799999326467514,0.6257000006735325,2.1109999995678663,"(1, 3, 640, 640)",torch.float16,cuda:0
460,0.6241999994963408,0.6847000010311604,0.040299998596310616,0.5436000023037195,1.9318000003695488,"(1, 3, 640, 640)",torch.float16,cuda:0
461,0.7410000003874302,0.6515999995172024,0.06479999981820583,0.6607000008225441,2.1936000026762486,"(1, 3, 640, 640)",torch.float16,cuda:0
462,0.6150000002235174,0.6749000009149313,0.03670000098645687,0.530299998819828,1.8958999998867512,"(1, 3, 640, 640)",torch.float16,cuda:0
463,0.7070000004023314,0.6633000019937754,0.0613000001758337,0.6406999994069338,2.1418999992311,"(1, 3, 640, 640)",torch.float16,cuda:0
464,0.6238000001758337,0.6388000007718801,0.03629999980330467,0.5507000014185905,1.8881999999284744,"(1, 3, 640, 640)",torch.float16,cuda:0
465,0.7353999987244606,0.6656999997794628,0.06460000015795231,0.717399999499321,2.2559999991208315,"(1, 3, 640, 640)",torch.float16,cuda:0
466,0.6810999996960163,0.6522000003606081,0.041199998930096626,0.5677000004798174,1.9847999997437,"(1, 3, 640, 640)",torch.float16,cuda:0
467,0.759000001475215,0.6653000004589558,0.06000000052154064,0.6118000000715256,2.1622000001370907,"(1, 3, 640, 640)",torch.float16,cuda:0
468,0.6165000014007092,0.6565000005066395,0.039899999275803566,0.5766000021249056,1.9265000000596046,"(1, 3, 640, 640)",torch.float16,cuda:0
469,0.6844999995082617,0.6660999990999699,0.06030000001192093,0.6422000005841255,2.1298000011593103,"(1, 3, 640, 640)",torch.float16,cuda:0
470,0.71509999781847,0.6604999992996454,0.06120000034570694,0.5934999976307154,2.099999999627471,"(1, 3, 640, 640)",torch.float16,cuda:0
471,0.6566000003367662,0.6451999992132187,0.03840000182390213,0.533500000834465,1.9121999982744455,"(1, 3, 640, 640)",torch.float16,cuda:0
472,0.8078000005334616,0.7425999995321035,0.0792000014334917,0.6885000001639128,2.40400000102818,"(1, 3, 640, 640)",torch.float16,cuda:0
473,0.6770999990403652,0.6571999993175268,0.04089999943971634,0.5507999993860722,1.9663000013679266,"(1, 3, 640, 640)",torch.float16,cuda:0
474,0.6921999994665384,0.6627000011503696,0.06510000117123127,0.6625000014901161,2.1570999994874,"(1, 3, 640, 640)",torch.float16,cuda:0
475,0.6217000000178814,0.6680000014603138,0.041099999099969864,0.6093000024557114,1.9779999982565641,"(1, 3, 640, 640)",torch.float16,cuda:0
476,0.696399999782443,0.6489000003784895,0.06330000050365925,0.6394999995827675,2.1201999988406897,"(1, 3, 640, 640)",torch.float16,cuda:0
477,0.6437999997287989,0.669599998742342,0.04360000044107437,0.6221999991685152,2.0182000007480383,"(1, 3, 640, 640)",torch.float16,cuda:0
478,0.717799998819828,0.6516999993473291,0.05920000001788139,0.6278999987989664,2.1244000010192394,"(1, 3, 640, 640)",torch.float16,cuda:0
479,0.6729999985545874,0.6574000008404255,0.03830000199377537,0.5262000001966953,1.93299999833107,"(1, 3, 640, 640)",torch.float16,cuda:0
480,0.8832999989390373,0.7364000026136637,0.06359999999403954,0.5932000000029802,2.3453999999910593,"(1, 3, 640, 640)",torch.float16,cuda:0
481,0.6993000023066998,0.6885000001639128,0.060999998822808266,0.5770000014454126,2.0856000017374754,"(1, 3, 640, 640)",torch.float16,cuda:0
482,0.6655000001192093,0.6801999974995852,0.06320000067353249,0.6589000001549721,2.1378000006079674,"(1, 3, 640, 640)",torch.float16,cuda:0
483,0.8466999996453524,0.76999999769032,0.07600000128149986,0.6425000000745058,2.401400001719594,"(1, 3, 640, 640)",torch.float16,cuda:0
484,0.6914999987930059,0.6842999998480082,0.06610000133514404,0.6590999998152256,2.1762000024318695,"(1, 3, 640, 640)",torch.float16,cuda:0
485,0.7624000012874603,0.6248000022023916,0.06629999913275242,0.7545999996364117,2.283900000154972,"(1, 3, 640, 640)",torch.float16,cuda:0
486,0.684299997985363,0.6429999992251396,0.08829999901354313,0.6593999993056059,2.151400001719594,"(1, 3, 640, 640)",torch.float16,cuda:0
487,0.8282999973744154,0.7359999995678663,0.06889999844133854,0.6939000003039837,2.419099999591708,"(1, 3, 640, 640)",torch.float16,cuda:0
488,0.6250999998301268,0.6794000007212162,0.06919999793171883,0.6684999987483025,2.0922000017017126,"(1, 3, 640, 640)",torch.float16,cuda:0
489,0.6607000008225441,0.6437000017613173,0.06280000135302544,0.7002000007778406,2.1403999999165535,"(1, 3, 640, 640)",torch.float16,cuda:0
490,0.6975999977439642,0.6833999995142221,0.06499999761581421,0.5752000007778406,2.0584000013768673,"(1, 3, 640, 640)",torch.float16,cuda:0
491,0.702199999243021,0.6803000010550022,0.06399999931454659,0.6315999999642372,2.1511000003665686,"(1, 3, 640, 640)",torch.float16,cuda:0
492,0.6825000010430813,0.7121999990195036,0.04729999974370003,0.5672000013291836,2.0640999991446733,"(1, 3, 640, 640)",torch.float16,cuda:0
493,0.721000000834465,0.6843999996781349,0.060099998489022255,0.6283999998122454,2.1631000004708767,"(1, 3, 640, 640)",torch.float16,cuda:0
494,0.688900001347065,0.7212999984622002,0.04350000061094761,0.5840000007301569,2.079500000923872,"(1, 3, 640, 640)",torch.float16,cuda:0
495,0.7610999997705221,0.7361999992281199,0.06389999762177467,0.6278000008314848,2.2686000000685453,"(1, 3, 640, 640)",torch.float16,cuda:0
496,0.5805999990552664,0.6790000014007092,0.04110000096261501,0.518300000578165,1.857200000435114,"(1, 3, 640, 640)",torch.float16,cuda:0
497,0.6451999992132187,0.6682000011205673,0.058000000193715096,0.5893999990075827,2.0267999973148108,"(1, 3, 640, 640)",torch.float16,cuda:0
498,0.5972000006586313,0.7189000006765127,0.041600000113248825,0.5314999986439943,1.928999999538064,"(1, 3, 640, 640)",torch.float16,cuda:0
499,0.6504999995231628,0.6852000001817942,0.0616999976336956,0.588400000706315,2.055000001564622,"(1, 3, 640, 640)",torch.float16,cuda:0
