frame,yolo_total_ms,yolo_preprocess_ms,yolo_inference_ms,yolo_postprocess_ms,tracker_ms,total_detect_track_ms,detections,tracks,tracker_name
10,9.049100000411272,1.6961999990598997,5.6150999989768025,1.4590999999199994,29.78260000050068,38.83170000091195,16,19,deepsort_realtime
11,8.924500001594424,1.7102000001614215,5.550899999434478,1.3409999992290977,29.335799999535084,38.26030000112951,16,19,deepsort_realtime
12,8.245400000363588,1.530800000182353,5.235299999185372,1.235100000485545,39.662999998778105,47.90839999914169,17,19,deepsort_realtime
13,8.928499998524785,1.8582000011519995,5.487999998877058,1.299499999731779,50.531600000336766,59.46009999886155,15,19,deepsort_realtime
14,9.542999999597669,2.2951000009925338,5.62779999927443,1.3376999995671213,27.557700000703335,37.100700000301,15,19,deepsort_realtime
15,8.278999999165535,1.591599999301252,5.175700000108918,1.2426999983290443,61.566199999302626,69.84519999846816,19,19,deepsort_realtime
16,9.702900001779199,2.176700001655263,5.815199998323806,1.362400000289199,47.14769999869168,56.85060000047088,14,19,deepsort_realtime
17,9.233800001442432,1.9314000001031673,5.613499999526539,1.4191999998729443,27.121199999004602,36.355000000447035,14,20,deepsort_realtime
18,8.71400000154972,1.89200000022538,5.3133000001253095,1.226899999892339,29.214800000190735,37.928800001740456,15,20,deepsort_realtime
19,8.143799999728799,1.5674999995098915,5.0217000007251045,1.3070999993942678,29.296399999409914,37.44019999913871,16,20,deepsort_realtime
20,9.357200000435114,1.8495999993319856,5.746900000303867,1.4697000005980954,38.10909999907017,47.46629999950528,17,20,deepsort_realtime
21,8.263100000098348,1.5948000000207685,5.16559999960009,1.2558999987959396,41.816499998793006,50.079599998891354,19,21,deepsort_realtime
22,8.725999999791384,1.7857000002550194,5.421199999545934,1.250199999049073,39.07000000029802,47.79600000008941,18,21,deepsort_realtime
23,8.518199998885393,1.621399998839479,5.238400000962429,1.4105999998719199,37.871899999678135,46.39009999856353,18,23,deepsort_realtime
24,9.479799998924136,1.9130000000586733,5.826700000397977,1.452800001061405,39.803700000047684,49.28349999897182,18,24,deepsort_realtime
25,9.01549999974668,1.754599999912898,5.465000000185682,1.5002000000094995,42.16039999946952,51.1758999992162,20,24,deepsort_realtime
26,8.743499998003244,1.7532999991090037,5.437499999970896,1.2813000012101838,41.85999999940395,50.6034999974072,20,24,deepsort_realtime
27,9.048800000920892,1.757500000167056,5.67120000050636,1.3656999999511754,42.35089999996126,51.39970000088215,20,25,deepsort_realtime
28,9.22300000116229,1.811699999962002,5.6215999993582955,1.4900999995006714,39.572900000959635,48.795900002121925,19,25,deepsort_realtime
29,9.011700000613928,1.8242000005557202,5.436800000097719,1.4496999992843485,39.96040000207722,48.97210000269115,19,25,deepsort_realtime
30,9.03289999999106,1.779500000338885,5.601900000328897,1.360000000204309,40.63020000047982,49.66310000047088,17,25,deepsort_realtime
31,9.359099999070168,1.8270999989908887,5.6251999994856305,1.59430000167049,41.30669999867678,50.665799997746944,20,25,deepsort_realtime
32,9.113700000569224,1.7864000001281966,5.600400001640082,1.4417999991565011,41.96279999986291,51.076500000432134,19,25,deepsort_realtime
33,9.312400000169873,2.014600000620703,5.5917999998200685,1.3280000002851011,42.96490000002086,52.277300000190735,19,26,deepsort_realtime
34,8.792100001126528,1.7275999998673797,5.5216999990079785,1.288100000238046,43.18769999966025,51.97980000078678,19,26,deepsort_realtime
35,9.776600001379848,1.9835000002785819,5.950799999482115,1.4469999987340998,43.71209999918938,53.488700000569224,18,26,deepsort_realtime
36,9.003100000321865,1.9011000003956724,5.424799999673269,1.3816000009683194,40.721599999815226,49.72470000013709,18,26,deepsort_realtime
37,9.325199998915195,1.8430999989504926,5.666099999871221,1.532400001451606,41.94079999998212,51.265999998897314,19,26,deepsort_realtime
38,9.706199999898672,2.1398999997472856,5.626400001347065,1.6538999989279546,39.1659999974072,48.87219999730587,18,26,deepsort_realtime
39,11.29619999974966,1.820699999370845,7.605299999340787,1.6051000002335059,41.05839999951422,52.35459999926388,19,26,deepsort_realtime
40,10.663099998608232,1.5977999992173864,7.525999999415944,1.3033999985054834,42.03110000118613,52.694199999794364,19,26,deepsort_realtime
41,8.373500000685453,1.8144999994547106,5.0788000007742085,1.2200999990454875,40.201600002124906,48.57510000281036,18,26,deepsort_realtime
42,8.728400001302361,1.7387999996572034,5.395700000008219,1.3030999998591142,48.9643000010401,57.69270000234246,20,25,deepsort_realtime
43,9.166299998760223,1.797499999156571,5.6578000003355555,1.4479999990726355,41.4413000009954,50.60759999975562,18,25,deepsort_realtime
44,9.411699999123812,1.941399999850546,5.850400000781519,1.3292000003275461,49.05780000239611,58.46950000151992,19,25,deepsort_realtime
45,9.945800000801682,1.8449000017426442,6.221199999345117,1.6143000011652475,44.013199999928474,53.95900000073016,19,25,deepsort_realtime
46,9.503800000995398,1.9367999993846752,5.783299999166047,1.4885000000504078,41.561599999666214,51.06540000066161,18,25,deepsort_realtime
47,9.459900001063943,1.8911000006482936,5.851900001289323,1.4660999986517709,39.710899997502565,49.17079999856651,18,25,deepsort_realtime
48,8.230599999427795,1.6460000006190967,4.98880000122881,1.3405999998212792,39.86839999817312,48.09899999760091,18,25,deepsort_realtime
49,8.078999999910593,1.5676999992138008,4.8944000009214506,1.3368999989324948,43.51219999976456,51.591199999675155,18,25,deepsort_realtime
50,9.68470000103116,1.8266000006406102,5.92770000002929,1.6429999996034894,41.81819999963045,51.50290000066161,18,25,deepsort_realtime
51,9.538200000301003,1.7752000003383728,5.924300001424854,1.5416999995068181,29.487099999561906,39.02529999986291,14,24,deepsort_realtime
52,8.602600000798702,1.6338000004907371,5.267000000458211,1.4380000011442462,41.5375999994576,50.1402000002563,18,24,deepsort_realtime
53,9.014999998733401,1.7381999987264862,5.564999999478459,1.4291000006778631,45.51789999939501,54.532899998128414,17,24,deepsort_realtime
54,9.406399998813868,1.958599999852595,5.730799999582814,1.4289999999164138,34.3390999995172,43.74549999833107,16,23,deepsort_realtime
55,8.673800000920892,1.8128000010619871,5.30820000130916,1.2590000005729962,41.022499999031425,49.696299999952316,17,23,deepsort_realtime
56,9.12019999884069,1.924700000017765,5.604300000413787,1.3061000008747214,41.281000001356006,50.401200000196695,17,23,deepsort_realtime
57,9.051099998876452,1.7969999989873031,5.647300000418909,1.3162000013835495,35.06100000068545,44.112099999561906,16,24,deepsort_realtime
58,8.973500000312924,1.7295999987254618,5.587600000581006,1.3560000006691553,37.45149999856949,46.42499999888241,16,24,deepsort_realtime
59,8.671600000932813,1.687800000581774,5.436399998870911,1.2760999998135958,35.117700001224875,43.78930000215769,16,24,deepsort_realtime
60,9.180600000545382,1.7704999991110526,5.755700000008801,1.3569000002462417,36.022799998521805,45.20339999906719,16,25,deepsort_realtime
61,8.550900001078844,1.7145000001619337,5.253000001175678,1.2813000012101838,36.408299999311566,44.95920000039041,16,25,deepsort_realtime
62,8.565999999642372,1.5973000008671079,5.3133000001253095,1.3959000007162103,33.01310000009835,41.57909999974072,16,24,deepsort_realtime
63,9.214300001040101,1.784300000508665,5.755700000008801,1.3448999998217914,34.82920000143349,44.04350000247359,15,24,deepsort_realtime
64,9.011800000444055,1.6574000001128297,5.760500000178581,1.3266999994812068,36.19590000063181,45.207700001075864,16,24,deepsort_realtime
65,9.823699999600649,2.016899999944144,6.177199999001459,1.3282999989314703,34.652599999681115,44.476299999281764,16,24,deepsort_realtime
66,9.141799999400973,1.8751000006886898,5.652199999531149,1.3498000007530209,45.76680000126362,54.90860000066459,17,24,deepsort_realtime
67,10.08390000090003,2.036699999734992,6.2861999995220685,1.4693000011902768,45.84189999848604,55.92579999938607,17,23,deepsort_realtime
68,9.763599999248981,1.8270000000484288,6.036799999492359,1.6247000003204448,36.54069999977946,46.304299999028444,16,23,deepsort_realtime
69,9.638699999079108,1.903499998661573,5.853699998624506,1.5669000003981637,37.01260000281036,46.65130000188947,16,23,deepsort_realtime
70,9.644199999049306,1.8960999987029936,5.991500000163796,1.4110000010987278,33.94979999959469,43.593999998643994,14,23,deepsort_realtime
71,9.290699999779463,1.796200000171666,5.8779999999387655,1.3625999999931082,38.05409999936819,47.344799999147654,14,23,deepsort_realtime
72,8.528099998831749,1.7153999997390201,5.286999999952968,1.264900000023772,54.041900001466274,62.57000000029802,13,23,deepsort_realtime
73,9.703199999406934,1.8328000005567446,6.160999999337946,1.4371999986906303,50.976700000464916,60.67989999987185,12,23,deepsort_realtime
74,9.46110000088811,1.8417000010231277,5.814600001031067,1.4762000009795884,27.389200000092387,36.850300000980496,12,23,deepsort_realtime
75,8.889200000092387,1.8970000000990694,5.30119999893941,1.41530000109924,31.475300000980496,40.364500001072884,13,23,deepsort_realtime
76,9.476499998942018,1.9369999990885844,5.960500000583124,1.2894999999844003,37.38630000129342,46.86280000023544,16,23,deepsort_realtime
77,9.179700000211596,1.738400000249385,5.7833999999274965,1.386899999488378,38.02180000022054,47.201500000432134,16,23,deepsort_realtime
78,9.451799999922514,1.8894000004365807,5.8107000004383735,1.4539999992848607,38.8179999999702,48.26979999989271,15,23,deepsort_realtime
79,9.08390000090003,1.7633999996178318,5.804899999930058,1.2561000003188383,36.97880000062287,46.0627000015229,15,23,deepsort_realtime
80,9.764699999243021,1.8677000007301103,6.039299998519709,1.5313000003516208,39.68299999833107,49.44769999757409,15,24,deepsort_realtime
81,9.77650000154972,1.756200001182151,6.284299999606446,1.430399999662768,32.64199999906123,42.41850000061095,13,24,deepsort_realtime
82,9.390800001099706,1.7936000003828667,5.965799999103183,1.354600000922801,33.29469999857247,42.685499999672174,13,24,deepsort_realtime
83,9.38120000064373,1.8285000005562324,5.881600000066101,1.3734000003751134,30.150100000202656,39.531300000846386,13,22,deepsort_realtime
84,9.062400000169873,1.811299998735194,5.657300000166288,1.3014000014663907,38.567800000309944,47.63020000047982,16,22,deepsort_realtime
85,8.485500000417233,1.6649999997753184,5.288400001518312,1.2475999992602738,36.434100000187755,44.91960000060499,15,22,deepsort_realtime
86,9.48820000141859,1.799100000425824,5.9689000008802395,1.4157999994495185,37.42830000072718,46.91650000214577,15,22,deepsort_realtime
87,9.379499999806285,1.9582000004447764,5.780499999673339,1.3294000000314554,34.8899999987334,44.269499998539686,13,22,deepsort_realtime
88,9.546099999919534,2.1773999997094506,5.679500000042026,1.3574999993579695,29.479000000283122,39.025100000202656,13,22,deepsort_realtime
89,9.180699998512864,1.7859999989013886,5.691899999874295,1.4162999996187864,33.13810000196099,42.31880000047386,14,22,deepsort_realtime
90,10.09429999999702,1.9012000011571217,6.428499998946791,1.393800001096679,33.02349999919534,43.11779999919236,12,22,deepsort_realtime
91,9.79530000127852,1.9905999997718027,6.0635999998339685,1.4092000001255656,35.045599998906255,44.840900000184774,13,22,deepsort_realtime
92,9.602500000968575,1.9018000002688495,5.7875000002240995,1.6352000002370914,30.52149999886751,40.12399999983609,13,22,deepsort_realtime
93,13.572799997404218,2.690999999686028,8.601999999882537,1.8477000012353528,39.326599998399615,52.89939999580383,14,22,deepsort_realtime
94,10.241700001060963,1.8299000003025867,6.4558999984001275,1.5942000009090407,33.383500000461936,43.6252000015229,13,22,deepsort_realtime
95,10.117600001394749,1.9431999990047188,6.328199999188655,1.5402999997604638,34.55570000037551,44.67330000177026,13,22,deepsort_realtime
96,9.167599998414516,1.8495000003895257,5.703400000129477,1.3306999990163604,34.800400000065565,43.96799999848008,14,22,deepsort_realtime
97,9.47889999859035,1.939099998708116,5.841199999849778,1.4006000001245411,31.451200000941753,40.9300999995321,13,22,deepsort_realtime
98,9.390699999406934,1.865999998699408,5.883800000447081,1.3261999993119389,31.09150000102818,40.482200000435114,13,22,deepsort_realtime
99,9.623400000855327,1.9588000013754936,5.97860000016226,1.38159999914933,38.8464999999851,48.469900000840425,15,21,deepsort_realtime
100,9.420400001108646,1.8550999993749429,5.914100000154576,1.3732000006712042,38.4206000007689,47.841000001877546,14,19,deepsort_realtime
101,9.642599999904633,1.937799999723211,5.876700000953861,1.5149000009841984,33.88949999958277,43.5320999994874,14,19,deepsort_realtime
102,9.512599999085069,2.0003000008728122,5.803300000479794,1.424200001565623,38.10649999976158,47.61909999884665,14,19,deepsort_realtime
103,12.733099998906255,2.2546000000147615,8.049899999605259,1.9559000011213357,43.12910000048578,55.86219999939203,16,19,deepsort_realtime
104,8.610799999907613,1.6042000006564194,5.4507000004377915,1.2993000000278698,45.37600000016391,53.986800000071526,16,19,deepsort_realtime
105,8.464999999850988,1.722900000459049,5.144599999766797,1.3364000005822163,40.183299999684095,48.648299999535084,15,19,deepsort_realtime
106,8.489400001242757,1.5840000014577527,5.353700000341632,1.2569999998959247,43.16879999823868,51.65819999948144,14,19,deepsort_realtime
107,9.488099997863173,1.7692000001261476,6.15520000064862,1.271900000574533,41.00580000132322,50.4938999991864,15,19,deepsort_realtime
108,9.278599999845028,1.6030999995564343,6.170699998619966,1.2490999997680774,38.432499999180436,47.711099999025464,13,19,deepsort_realtime
109,8.263499999418855,1.679699998931028,4.991600000721519,1.3255000012577511,38.60840000025928,46.871899999678135,14,19,deepsort_realtime
110,8.690799999982119,1.6562000000703847,5.3857999992033,1.4030000002094312,37.14409999921918,45.8348999992013,13,19,deepsort_realtime
111,9.200799999758601,1.8287999992026016,5.714500000976841,1.3841999989381293,44.71920000016689,53.919999999925494,15,18,deepsort_realtime
112,9.78520000167191,1.8787999997584848,6.1671999992540805,1.4678000006824732,45.84489999897778,55.63010000064969,15,18,deepsort_realtime
113,9.833000000566244,1.8118999996659113,6.041799999366049,1.6660000001138542,43.64640000090003,53.479400001466274,15,18,deepsort_realtime
114,9.015400001779199,1.7669999997451669,5.4437999988294905,1.5371000008599367,41.2234000004828,50.238800002261996,13,18,deepsort_realtime
115,9.536699999123812,2.0631999996112427,5.860399998709909,1.3109999999869615,37.884600000455976,47.42129999957979,12,18,deepsort_realtime
116,9.77960000000894,1.8994999991264194,6.064499999411055,1.5270000003511086,39.560600001364946,49.34020000137389,12,18,deepsort_realtime
117,9.466299999505281,1.9988999993074685,5.7577000006858725,1.4253999997890787,43.94299999810755,53.409299997612834,13,18,deepsort_realtime
118,8.487099999561906,1.7815999999584164,5.08339999942109,1.3629000004584668,44.19370000064373,52.680800000205636,14,18,deepsort_realtime
119,8.23560000024736,1.5741000006528338,5.133399999976973,1.2864000000263331,49.6589999999851,57.89460000023246,15,18,deepsort_realtime
120,8.299899999052286,1.6121000007842667,5.232400000750204,1.2010000009468058,44.485700000077486,52.78559999912977,14,17,deepsort_realtime
121,8.51490000076592,1.6543999990972225,5.3234999995765975,1.2145000000600703,46.38129999861121,54.89619999937713,14,17,deepsort_realtime
122,8.99860000051558,1.808899998650304,5.4168999995454215,1.469699998779106,45.85830000042915,54.856900000944734,14,17,deepsort_realtime
123,9.59940000064671,1.8928999998024665,5.762500000855653,1.6787999993539415,55.18669999949634,64.78610000014305,15,17,deepsort_realtime
124,9.37559999898076,1.7609000005904818,5.853099999512779,1.4897000000928529,46.98020000196993,56.355800000950694,14,17,deepsort_realtime
125,9.794400000944734,1.866399999926216,5.87699999960023,1.7243000002054032,49.73450000025332,59.52890000119805,15,18,deepsort_realtime
126,9.294999999925494,1.928800000314368,5.682200000592275,1.3756999996985542,60.47859999909997,69.77359999902546,17,18,deepsort_realtime
127,9.579499999061227,1.8570000011095544,5.753000001277542,1.6863000000739703,59.68029999919236,69.25979999825358,18,18,deepsort_realtime
128,9.060999998822808,1.802700000553159,5.675700000210782,1.2950000000273576,65.81519999913871,74.87619999796152,18,20,deepsort_realtime
129,9.469699999317527,1.876599999377504,6.0545000014826655,1.260099999853992,51.752899998798966,61.22259999811649,14,20,deepsort_realtime
130,9.27250000089407,1.74440000046161,5.922700000155601,1.283999999941443,52.89460000023246,62.16710000112653,13,19,deepsort_realtime
131,9.965199999511242,2.3811999999452382,5.811899998661829,1.4207999993232079,43.32200000062585,53.28720000013709,13,19,deepsort_realtime
132,9.23170000128448,1.7803999999159714,5.9078999984194525,1.2659999993047677,49.57450000010431,58.80620000138879,13,19,deepsort_realtime
133,9.399700000882149,1.9472999993013218,5.7732999994186684,1.3898000015615253,57.1949000004679,66.59460000135005,13,19,deepsort_realtime
134,10.784900000318885,2.9882999988330994,5.857799998921109,1.4955999995436287,51.11449999921024,61.89939999952912,13,19,deepsort_realtime
135,8.56559999845922,1.8006000009336276,5.150599999979022,1.2740000001940643,46.55959999933839,55.12519999779761,13,19,deepsort_realtime
136,8.859600000083447,1.7014999993989477,5.597499999566935,1.2917000003653811,48.2894999999553,57.14910000003874,12,19,deepsort_realtime
137,8.38349999859929,1.70080000134476,5.213799999182811,1.204199999847333,50.84640000015497,59.22989999875426,12,19,deepsort_realtime
138,8.996500002220273,1.8837000006897142,5.549199999222765,1.3051999994786456,41.37289999984205,50.36940000206232,12,19,deepsort_realtime
139,8.919899998232722,1.7571999997016974,5.64219999978377,1.2509000007412396,53.0417999997735,61.961699998006225,13,19,deepsort_realtime
140,9.236400002613664,1.707799998257542,5.879500000446569,1.3963000001240289,67.22599999979138,76.46240000240505,11,19,deepsort_realtime
141,8.737300001084805,1.7339999994874233,5.365300001358264,1.372699998682947,41.24670000188053,49.98400000296533,12,19,deepsort_realtime
142,8.963400000706315,1.7517000014777295,5.694400000720634,1.2502000008680625,51.39000000059605,60.35340000130236,13,19,deepsort_realtime
143,9.081700000911951,1.7711999989842298,5.7708000003913185,1.2719999995169928,44.96169999986887,54.04340000078082,13,19,deepsort_realtime
144,9.748799998313189,1.9069999998464482,6.12850000106846,1.407600000675302,46.08060000091791,55.8293999992311,13,19,deepsort_realtime
145,9.599100003018975,2.0256000007066177,5.958699999609962,1.3215000017225975,51.254499999806285,60.85360000282526,12,19,deepsort_realtime
146,9.353199999779463,1.869300000180374,5.83340000048338,1.38390000029176,43.212499998509884,52.56569999828935,12,19,deepsort_realtime
147,8.756900001317263,1.7222000005858717,5.383700001402758,1.385600000503473,46.04979999922216,54.80670000053942,13,19,deepsort_realtime
148,9.348400002345443,1.7850000003818423,5.7251999987784075,1.564700000017183,45.49310000054538,54.841500002890825,12,19,deepsort_realtime
149,10.065799999982119,1.9979000007879222,6.3384000004589325,1.4221000001271022,42.276799999177456,52.342599999159575,12,19,deepsort_realtime
150,9.032900001853704,1.67679999867687,5.739599999287748,1.3242999993963167,53.05030000023544,62.08320000208914,13,19,deepsort_realtime
151,9.255700001493096,1.827699999921606,5.791900000986061,1.3644999999087304,44.56140000000596,53.81710000149906,11,19,deepsort_realtime
152,10.313699997961521,1.922999999806052,6.398599998647114,1.6261000000667991,59.178700000047684,69.4923999980092,14,19,deepsort_realtime
153,9.44429999962449,1.8440000003465684,5.8727999985421775,1.4348999993671896,53.97169999778271,63.4159999974072,12,19,deepsort_realtime
154,9.084099998697639,1.8833000012818957,5.700800000340678,1.2348000000201864,56.73689999990165,65.82099999859929,14,20,deepsort_realtime
155,9.43440000154078,1.8221000009361887,5.90600000032282,1.4071000005060341,54.85769999958575,64.29210000112653,14,20,deepsort_realtime
156,9.251299999654293,1.753499998812913,5.8404999999766005,1.3836999987688614,55.40810000151396,64.65940000116825,13,20,deepsort_realtime
157,9.603499999269843,1.9265000009909272,5.9934000000794185,1.3959000007162103,54.03910000063479,63.64259999990463,14,20,deepsort_realtime
158,9.068599998950958,1.74200000037672,5.738300000302843,1.3247999995655846,53.290300000458956,62.358899999409914,14,20,deepsort_realtime
159,9.229799998924136,1.9523999999364605,5.607900000541122,1.3548999995691702,58.78359999880195,68.01339999772608,14,19,deepsort_realtime
160,9.867500001564622,2.0130000011704396,5.854200000612764,1.6855000012583332,64.76899999938905,74.63650000095367,14,18,deepsort_realtime
161,9.759400000795722,1.9444999998086132,5.945000000792788,1.5590000002703164,60.513000002130866,70.27240000292659,14,18,deepsort_realtime
162,9.455200001597404,1.9260000008216593,5.825299998832634,1.4323000013973797,60.98699999973178,70.44220000132918,14,18,deepsort_realtime
163,8.750500001013279,1.6891999985091388,5.400699999881908,1.3819999985571485,59.97470000013709,68.72520000115037,15,18,deepsort_realtime
164,9.540599999949336,1.7680999990261625,6.025500000760076,1.495700000305078,60.12209999933839,69.66269999928772,15,19,deepsort_realtime
165,9.398000000044703,1.872400000138441,5.8458000003156485,1.3911000005464302,62.79320000112057,72.19120000116527,15,19,deepsort_realtime
166,9.024900000542402,1.8046000004687812,5.499000000781962,1.4461999999184627,67.70910000056028,76.73400000110269,13,19,deepsort_realtime
167,9.012200001627207,1.6649999997753184,5.751400000008289,1.3339999986783369,55.678500002250075,64.69070000387728,11,20,deepsort_realtime
168,9.338899999856949,1.8780000009428477,5.744199999753619,1.432099999874481,61.93300000205636,71.27190000191331,14,20,deepsort_realtime
169,9.816500000655651,1.8204999996669358,6.341299998894101,1.382799999191775,63.12060000002384,72.9371000006795,14,20,deepsort_realtime
170,9.353300001472235,2.0917999991070246,5.4584000008617295,1.5044000010675518,60.59530000202358,69.94860000349581,14,21,deepsort_realtime
171,9.318999998271465,1.9155999998474726,5.598199999440112,1.4967000006436137,66.34249999932945,75.66149999760091,15,21,deepsort_realtime
172,9.723799999803305,1.8834000002243556,6.083399999624817,1.4658000000054017,72.73829999938607,82.46209999918938,15,21,deepsort_realtime
173,9.565200001001358,1.9647000008262694,5.830199999763863,1.5053999995870981,56.82140000164509,66.38660000264645,15,21,deepsort_realtime
174,8.485500000417233,1.7279000003327383,5.13909999972384,1.360000000204309,55.57440000027418,64.05990000069141,14,21,deepsort_realtime
175,9.40089999884367,1.8742000011116033,5.855400000655209,1.4015999986440875,72.37870000116527,81.77960000000894,17,21,deepsort_realtime
176,9.606199998408556,2.1713999994972255,5.601800001386437,1.5248999989125878,71.9093999993056,81.51559999771416,17,21,deepsort_realtime
177,9.953999998047948,2.1012999986851355,6.01979999919422,1.576799999384093,61.58239999786019,71.53639999590814,15,21,deepsort_realtime
178,10.009800000116229,2.1928000005573267,5.922000000282424,1.56299999980547,63.69579999893904,73.70559999905527,14,20,deepsort_realtime
179,9.794999999925494,2.178100001401617,5.817100000058417,1.5089999997144332,66.32100000046194,76.11600000038743,14,20,deepsort_realtime
180,9.409700000658631,2.007300001423573,5.608899999060668,1.52909999997064,65.36169999837875,74.77139999903738,15,20,deepsort_realtime
181,9.420700000599027,2.108099999531987,5.515699998795753,1.5277999991667457,66.66179999895394,76.08249999955297,15,20,deepsort_realtime
182,9.94599999859929,2.2553999988303985,5.870400000276277,1.5325999993365258,68.16440000012517,78.11039999872446,15,21,deepsort_realtime
183,10.327199999243021,2.320700001291698,6.101599999965401,1.6133000008267118,82.50469999946654,92.83189999870956,15,22,deepsort_realtime
184,9.906199999153614,2.1130999994056765,6.017599998813239,1.504299998487113,69.96859999932349,79.8747999984771,15,22,deepsort_realtime
185,9.800400000065565,2.2044000015739584,5.779299999630894,1.5418999992107274,66.6670000012964,76.46740000136197,15,23,deepsort_realtime
186,9.63939999975264,2.1403999999165535,5.8025999987876276,1.433399998859386,67.16430000215769,76.80370000191033,14,23,deepsort_realtime
187,9.374399999156594,2.0684999999502907,5.575400000452646,1.461800000470248,63.87019999884069,73.24459999799728,14,23,deepsort_realtime
188,9.88349999859929,2.0929999991494697,5.94719999935478,1.549499998873216,66.61700000055134,76.50049999915063,14,23,deepsort_realtime
189,10.135400000959635,2.17999999949825,5.961400000160211,1.5946000003168592,64.65909999981523,74.79450000077486,14,24,deepsort_realtime
190,9.211800001561642,1.7633999996178318,5.7500000002619345,1.4222999998310115,67.80949999764562,77.02129999920726,15,23,deepsort_realtime
191,9.388399999588728,1.9188000005669892,5.715399998734938,1.5032000010251068,68.51860000006855,77.90699999965727,16,23,deepsort_realtime
192,9.617899999022484,2.1202999996603467,5.801600000268081,1.4359000015247148,65.48599999956787,75.10389999859035,13,23,deepsort_realtime
193,10.059000000357628,2.3801000006642425,5.934000000706874,1.44929999987653,78.72910000011325,88.78810000047088,13,23,deepsort_realtime
194,9.63260000012815,1.9558000003598863,5.874299999049981,1.5461000002687797,69.39849999919534,79.03109999932349,13,24,deepsort_realtime
195,9.682599999010563,2.0767000005434966,5.899899999349145,1.3539999999920838,66.69220000132918,76.37480000033975,14,24,deepsort_realtime
196,10.779899999499321,2.041399999143323,6.743500000084168,1.661199999944074,58.09620000049472,68.87609999999404,14,23,deepsort_realtime
197,10.380499999970198,1.9654999996419065,6.702699998641037,1.4368000011018012,56.23149999976158,66.61199999973178,14,23,deepsort_realtime
198,10.168500000610948,2.1723999998357613,6.350100000418024,1.3821999982610578,54.05389999970794,64.22240000031888,12,23,deepsort_realtime
199,9.615499999374151,1.8882000003941357,5.976300000838819,1.4668000003439374,51.935600001364946,61.5511000007391,11,23,deepsort_realtime
200,10.32829999923706,2.1957000008114846,6.358000000545871,1.4965999998821644,50.7449000030756,61.07320000231266,11,23,deepsort_realtime
201,10.083000000566244,2.025300000241259,6.1528000005637296,1.6324999996868428,47.897799998521805,57.98079999908805,11,23,deepsort_realtime
202,10.014499999582767,2.073099998597172,6.136500000138767,1.496900000347523,49.2383999992162,59.252899998798966,11,23,deepsort_realtime
203,13.554700000211596,2.1004000009270385,6.131899999672896,4.992300000594696,51.41190000064671,64.9666000008583,11,23,deepsort_realtime
204,10.769999999552965,2.357700001084595,6.386899998688023,1.7238000000361353,64.00109999999404,74.771099999547,11,23,deepsort_realtime
205,10.230499999597669,2.1512999992410187,6.245799999305746,1.56779999997525,67.45949999988079,77.68999999947846,10,23,deepsort_realtime
206,10.977699998766184,2.445899999656831,6.599199999982375,1.6185000004043104,47.4786999989301,58.45639999769628,10,23,deepsort_realtime
207,10.360500000417233,2.0735000016429694,6.569099999978789,1.4568999995390186,84.97599999979138,95.33650000020862,15,23,deepsort_realtime
208,10.405600000172853,2.1553000005951617,6.402299999535899,1.5534000012848992,59.98829999938607,70.39389999955893,12,21,deepsort_realtime
209,10.355499999597669,2.13400000029651,6.360499999573221,1.55819999963569,58.63539999909699,68.99089999869466,12,21,deepsort_realtime
210,10.541799999773502,2.125299999534036,6.459300000642543,1.6008000002329936,58.38499999977648,68.92679999954998,12,21,deepsort_realtime
211,10.787000000476837,2.2248000004765345,6.6079999996873084,1.6385999988415278,70.05919999815524,80.84619999863207,12,21,deepsort_realtime
212,11.041500000283122,2.2013000016158912,6.8791000012424774,1.6634000003250549,73.14149999804795,84.18299999833107,12,21,deepsort_realtime
213,10.383000001311302,2.105199999277829,6.538700001328834,1.4601000002585351,49.24619999714196,59.62919999845326,10,21,deepsort_realtime
214,10.476199999451637,1.924700000017765,6.806600000345497,1.470100000005914,62.399699999019504,72.87589999847114,11,19,deepsort_realtime
215,13.786499999463558,2.180699999371427,9.835599999860278,1.474999999118154,46.06279999949038,59.84929999895394,10,19,deepsort_realtime
216,10.65150000154972,2.104300001519732,6.773999999495572,1.5031999992061174,65.26280000060797,75.91430000215769,11,18,deepsort_realtime
217,11.09830000065267,2.301499998793588,6.740800001352909,1.6476000000693602,49.74530000053346,60.84360000118613,11,18,deepsort_realtime
218,10.968000000342727,2.207900000939844,6.90519999989192,1.581399999849964,50.80309999920428,61.771099999547005,11,18,deepsort_realtime
219,10.943599998950958,2.2011999990354525,6.887300000016694,1.5535000002273591,66.74760000035167,77.69119999930263,13,18,deepsort_realtime
220,10.923299999907613,2.1890000007260824,6.930999999894993,1.5248999989125878,53.14710000157356,64.07040000148118,11,18,deepsort_realtime
221,10.88770000077784,2.1277000014379155,6.926500000190572,1.546200001030229,54.25609999895096,65.1437999997288,11,18,deepsort_realtime
222,11.110199999064207,2.159000001483946,7.16409999949974,1.5069000000949018,61.331600001081824,72.44180000014603,11,16,deepsort_realtime
223,11.265599999576807,2.31789999998,6.932199999937438,1.6940999994403683,64.74479999952018,76.01039999909699,12,16,deepsort_realtime
224,10.957000000402331,2.135999999154592,7.001399999353453,1.5233999984047841,61.386800000444055,72.34380000084639,12,16,deepsort_realtime
225,11.109100000932813,2.2105999996711034,7.02859999910288,1.5389000000141095,57.30840000137687,68.41750000230968,10,16,deepsort_realtime
226,11.420200001448393,2.324499999303953,7.177800000135903,1.5419000010297168,73.94730000011623,85.36750000156462,9,16,deepsort_realtime
227,11.16410000063479,2.1539999997912673,7.124800000383402,1.6054000006988645,59.319699998945,70.48379999957979,9,16,deepsort_realtime
228,14.117599999532104,4.676000000472413,7.635100000698003,1.5129999992495868,60.89890000037849,75.0164999999106,11,15,deepsort_realtime
229,11.620600001886487,2.437099999951897,7.2677000007388415,1.5555999998468906,70.89819999784231,82.5187999997288,12,15,deepsort_realtime
230,11.498999999836087,2.2882999983266927,7.31169999926351,1.5590000002703164,72.0789999999106,83.57799999974668,12,15,deepsort_realtime
231,11.320000000298023,1.9814999996015104,7.283500000994536,1.7858999999589287,53.40249999985099,64.72250000014901,10,15,deepsort_realtime
232,11.60130000114441,2.204499998697429,7.3309999988850905,1.7635000003792811,57.81409999914467,69.41540000028908,11,15,deepsort_realtime
233,11.300899999216199,2.1212999999988824,7.332999999562162,1.5277999991667457,56.210300002247095,67.5112000014633,11,15,deepsort_realtime
234,11.647399999201298,2.053600001090672,7.400000000416185,1.8873999997595092,66.6535000000149,78.3008999992162,11,14,deepsort_realtime
235,11.422399999573827,2.0334999990154756,7.394899999781046,1.7096000010496937,66.18909999914467,77.6114999987185,11,14,deepsort_realtime
236,11.48990000039339,2.1415000010165386,7.516300000133924,1.5012999992904952,64.53790000081062,76.02780000120401,10,14,deepsort_realtime
237,11.38319999910891,1.984700000321027,7.473100000424893,1.6321000002790242,54.411599999293685,65.7947999984026,10,14,deepsort_realtime
238,11.804700000211596,2.082900000459631,7.6628999995591585,1.7740000002959277,63.94079999811947,75.74549999833107,11,14,deepsort_realtime
239,11.110000001266599,1.8749999999272404,7.517199999711011,1.4690000007249182,61.80059999972582,72.91060000099242,11,14,deepsort_realtime
240,11.206600001081824,1.9085000003542518,7.54140000026382,1.4967999995860737,61.07060000114143,72.27720000222325,10,14,deepsort_realtime
241,11.48850000090897,1.99120000070252,7.562799999504932,1.67180000062217,59.67429999820888,71.16279999911785,10,13,deepsort_realtime
242,11.822499999776483,2.0623000000341563,7.972800000061397,1.5132000007724855,58.96479999832809,70.78729999810457,10,13,deepsort_realtime
243,13.521900001913309,2.1152000008441973,9.545000000798609,1.5832000008231262,61.79359999857843,75.31550000049174,12,13,deepsort_realtime
244,13.655099999159575,2.0167999991826946,9.821300000112387,1.5609000001859386,64.02119999937713,77.6762999985367,12,13,deepsort_realtime
245,12.327899999916553,2.200100001573446,8.0787999995664,1.7160999996121973,65.47659999877214,77.8044999986887,12,13,deepsort_realtime
246,12.3108000010252,2.5949000009859446,7.920899999589892,1.474900000175694,82.68240000121295,94.99320000223815,12,13,deepsort_realtime
247,12.137099999934435,2.113200000167126,8.009700000911835,1.6704000008758157,68.69579999707639,80.83289999701083,12,13,deepsort_realtime
248,12.08869999833405,1.9835999992210418,8.26259999848844,1.5638999993825564,67.60040000081062,79.68909999914467,12,14,deepsort_realtime
249,11.824500000104308,1.982499999940046,8.060400001340895,1.5127000006032176,63.43459999933839,75.2590999994427,11,14,deepsort_realtime
250,12.59349999949336,2.4659999999130378,8.190500000637257,1.63790000078734,64.64209999702871,77.23559999652207,11,14,deepsort_realtime
251,11.682400001212955,2.1219999998720596,7.63589999951364,1.623699999981909,64.74970000050962,76.43210000172257,11,14,deepsort_realtime
252,14.59489999897778,5.294000000503729,7.525300001361757,1.4893000006850343,60.365100000053644,74.95999999903142,9,14,deepsort_realtime
253,12.06330000050366,2.2475999994640006,7.955400000355439,1.5806000010343269,47.46760000102222,59.53090000152588,9,14,deepsort_realtime
254,11.56169999949634,2.2107000004325528,7.513000000471948,1.568399999086978,47.68479999899864,59.24649999849498,9,14,deepsort_realtime
255,11.471699999645352,2.1386999997048406,7.507199999963632,1.527899999928195,56.561400001868606,68.03310000151396,10,13,deepsort_realtime
256,13.390899999067187,2.0612999996956205,9.34140000026673,1.7227999996975996,45.87319999933243,59.264099998399615,9,12,deepsort_realtime
257,13.364700000733137,2.0089999998162966,9.5352999996976,1.564999998663552,57.50460000149906,70.8693000022322,10,12,deepsort_realtime
258,11.507200000807643,2.2487000005639857,7.5527000008150935,1.4317999994091224,59.69919999875128,71.20639999955893,10,12,deepsort_realtime
259,11.421399997547269,1.8326999997952953,7.560799998827861,1.7781000005925307,58.32750000059605,69.74889999814332,10,13,deepsort_realtime
260,11.056499999016523,1.8942000006063608,7.456400000592112,1.4119000006758142,61.23770000040531,72.29419999942183,10,13,deepsort_realtime
261,11.401599999517202,2.0724000005429843,7.55360000039218,1.5055999992910074,64.03029999881983,75.43189999833703,11,14,deepsort_realtime
262,12.06840000115335,2.1219999998720596,7.948599999508588,1.7210999994858867,63.57949999906123,75.64790000021458,11,14,deepsort_realtime
263,11.264699999243021,1.9836999999824911,7.5070999992021825,1.4735999993717996,66.84870000183582,78.11340000107884,11,14,deepsort_realtime
264,11.538499999791384,2.142499999536085,7.585200000903569,1.5031999992061174,64.23399999924004,75.77249999903142,11,14,deepsort_realtime
265,14.097000000998378,2.089400000841124,10.095799998453003,1.6312000007019378,65.40020000189543,79.4972000028938,12,14,deepsort_realtime
266,11.44450000114739,2.126299999872572,7.551300001068739,1.4936000006855465,69.61840000003576,81.06290000118315,12,14,deepsort_realtime
267,11.409700000658631,2.0167000002402347,7.5914999997621635,1.5432000000146218,64.66289999894798,76.07259999960661,11,14,deepsort_realtime
268,11.605899998918176,2.1997000003466383,7.4992999998357845,1.6276999995170627,52.43800000101328,64.04389999993145,10,14,deepsort_realtime
269,11.29480000026524,2.0334000000730157,7.519099999626633,1.467999998567393,94.10160000063479,105.39640000090003,10,14,deepsort_realtime
270,11.913100000470877,2.4938000005931826,7.467400000678026,1.6105000013340032,74.00960000045598,85.92270000092685,10,14,deepsort_realtime
271,11.191000001505017,1.9343000003573252,7.459500000550179,1.4632999991590623,64.7687999997288,75.95980000123382,10,14,deepsort_realtime
272,11.372599998489022,2.084800000375253,7.429699999192962,1.5489999987039482,64.33499999903142,75.70759999752045,10,14,deepsort_realtime
273,11.776800001040101,2.2408999993785983,7.474599999113707,1.7409999982191948,55.58669999986887,67.36350000090897,9,14,deepsort_realtime
274,11.740000000223517,2.2642999992967816,7.46410000101605,1.7012999996950384,53.1175999995321,64.85759999975562,9,14,deepsort_realtime
275,11.85359999909997,2.381500000410597,7.511300000260235,1.6345000003639143,51.09879999794066,62.95239999704063,9,14,deepsort_realtime
276,11.776200000196695,2.3535000000265427,7.545300000856514,1.5610999998898478,68.12650000117719,79.90270000137389,10,13,deepsort_realtime
277,11.789099998772144,2.2748999999748776,7.457400000930647,1.7268000010517426,67.6058000009507,79.39489999972284,9,13,deepsort_realtime
278,12.8581000007689,2.923600000940496,7.868500000768108,1.736700000037672,68.48149999976158,81.33960000053048,9,13,deepsort_realtime
279,12.621000001206994,2.130699998815544,7.814699998561991,2.3486999998567626,89.13970000110567,101.76070000231266,8,12,deepsort_realtime
280,11.742599999532104,2.2141999997984385,7.59710000056657,1.6458000009151874,54.46449999883771,66.20709999836981,9,12,deepsort_realtime
281,11.936300000175834,2.1696999992855126,7.804099999702885,1.6638999986753333,60.55150000192225,72.48780000209808,9,11,deepsort_realtime
282,11.774400001391768,2.125299999534036,7.60930000069493,1.7109000000345986,58.86750000156462,70.64190000295639,9,11,deepsort_realtime
283,11.381999999284744,2.11459999991348,7.397600000331295,1.5003000007709488,53.94159999862313,65.32359999790788,9,11,deepsort_realtime
284,11.935099998489022,2.15080000089074,7.838700001229881,1.6615000004094327,53.092599999159575,65.0276999976486,9,11,deepsort_realtime
285,11.914300000295043,2.234699999462464,7.8222000011010095,1.5643000006093644,58.46630000136793,70.38060000166297,10,11,deepsort_realtime
286,11.9341000020504,2.156000000468339,7.803799999237526,1.6754000007495051,58.816799998283386,70.75090000033379,11,11,deepsort_realtime
287,11.44960000179708,2.0782000010513,7.469399999536108,1.6257000006589806,56.55199999921024,68.00160000100732,10,11,deepsort_realtime
288,11.844999998807907,2.2045000005164184,7.805499999449239,1.52189999971597,56.31199999898672,68.15699999779463,10,12,deepsort_realtime
289,11.249600000679493,2.0481000010477146,7.39649999923131,1.5012000003480352,56.4167999997735,67.666400000453,10,12,deepsort_realtime
290,11.7972999997437,2.2461999997176463,7.6718999989680015,1.5348999986599665,51.31039999984205,63.10769999958575,10,12,deepsort_realtime
291,11.952800000086427,2.2356000008585397,7.766200000332901,1.675999999861233,58.43850000016391,70.39130000025034,10,12,deepsort_realtime
292,11.986000001430511,2.344600001379149,7.670000000871369,1.6835000005812617,55.7958000022918,67.78180000372231,10,12,deepsort_realtime
293,11.943900000303984,2.3700999990978744,7.658299999093288,1.6015999990486307,56.61909999884665,68.56299999915063,10,12,deepsort_realtime
294,11.940199999138713,2.3111000009521376,7.60199999967881,1.7392999998264713,63.26860000193119,75.2088000010699,12,12,deepsort_realtime
295,11.827300000935793,2.2485000008600764,7.549199999630218,1.7268000010517426,69.81330000050366,81.64060000143945,14,12,deepsort_realtime
296,14.180699998512864,2.159899999242043,9.84950000020035,1.844300000811927,69.91689999960363,84.0975999981165,14,13,deepsort_realtime
297,11.880699999630451,2.2601999990001787,7.683599998927093,1.653999999689404,73.72519999928772,85.60589999891818,14,14,deepsort_realtime
298,11.793600000441074,2.141499999197549,7.615000000441796,1.677199999903678,74.51099999807775,86.30459999851882,12,14,deepsort_realtime
299,11.90260000154376,2.263100001073326,7.61170000077982,1.7389999993611127,64.60380000062287,76.50640000216663,12,14,deepsort_realtime
300,11.537399999797344,2.1878000006836373,7.542299999840907,1.473700000133249,60.02859999798238,71.56599999777973,11,14,deepsort_realtime
301,11.12749999947846,1.933600000484148,7.496199999877717,1.4457000015681842,65.79609999991953,76.923599999398,12,14,deepsort_realtime
302,11.436099998652935,2.3129000001063105,7.446899999195011,1.4078999993216712,57.91310000047088,69.34919999912381,12,14,deepsort_realtime
303,11.429800000041723,2.032599999438389,7.583200000226498,1.5488000008190284,61.816199999302626,73.24599999934435,11,14,deepsort_realtime
304,11.214299999177456,2.0220999995217426,7.493300001442549,1.435000000128639,69.26230000145733,80.47660000063479,14,14,deepsort_realtime
305,11.553100001066923,2.194200000303681,7.54159999996773,1.5084000006027054,67.26749999821186,78.82059999927878,11,14,deepsort_realtime
306,11.502700001001358,2.0655999996961327,7.516800000303192,1.6519999990123324,75.6444000005722,87.14710000157356,12,14,deepsort_realtime
307,11.746700000017881,2.304899999217014,7.478100000298582,1.5703999997640494,76.19270000047982,87.9394000004977,13,14,deepsort_realtime
308,12.303300000727177,2.3646000008739065,7.92139999975916,1.7380999997840263,68.0887000001967,80.39200000092387,13,15,deepsort_realtime
309,11.582399999722838,2.189300001191441,7.4992999998357845,1.55570000060834,69.67149999924004,81.25389999896288,12,15,deepsort_realtime
310,11.623799998313189,2.1243999999569496,7.603399999425164,1.6173999993043253,69.51200000010431,81.1357999984175,13,15,deepsort_realtime
311,11.505999999120831,2.0647000001190463,7.518699998399825,1.598099999682745,73.51049999892712,85.01649999804795,13,15,deepsort_realtime
312,12.017299998551607,2.0070000009582145,8.044399999562302,1.683200000115903,80.66800000146031,92.68530000001192,14,17,deepsort_realtime
313,12.336600001901388,2.292499999384745,8.063500001298962,1.6763000003265915,94.11969999969006,106.45630000159144,15,17,deepsort_realtime
314,12.160400001332164,2.1723999998357613,8.153499999025371,1.5583999993395992,81.1644999999553,93.32490000128746,15,18,deepsort_realtime
315,12.433299999684095,2.2369999987859046,8.20449999991979,1.6414000001532258,78.12069999985397,90.55399999953806,13,19,deepsort_realtime
316,12.605599999427795,2.305599999090191,8.411200000409735,1.6036000015446916,73.6651000007987,86.2707000002265,13,19,deepsort_realtime
317,12.014499999582767,1.9779999984166352,8.283099999971455,1.4907999993738486,76.92909999936819,88.94359999895096,13,19,deepsort_realtime
318,12.013399997726083,1.9732999990083044,8.121200000459794,1.6405999995185994,72.0010999981314,84.01449999585748,12,19,deepsort_realtime
319,12.19590000063181,2.14609999966342,8.263899999292335,1.5246999992086785,78.29139999859035,90.48729999922216,14,19,deepsort_realtime
320,12.334300000220537,2.1284000013110926,8.263600000645965,1.5965000002324814,66.93159999884665,79.26589999906719,12,19,deepsort_realtime
321,11.782299999147654,1.878900000519934,8.142799999404815,1.5055000003485475,73.65660000033677,85.43889999948442,13,20,deepsort_realtime
322,11.757999999448657,1.9855000009556534,8.07389999863517,1.443800001652562,61.97550000064075,73.7335000000894,12,20,deepsort_realtime
323,12.14550000242889,2.068299998427392,8.22379999954137,1.56539999989036,67.45990000106394,79.60540000349283,12,20,deepsort_realtime
324,12.125200001522899,2.0755000005010515,8.089000000836677,1.6536000002815854,79.50639999844134,91.63159999996424,15,20,deepsort_realtime
325,12.374699998646975,2.212600000348175,8.138199998938944,1.7440999999962514,80.93109999969602,93.30579999834299,14,20,deepsort_realtime
326,12.822200000286102,2.1969000008539297,8.567000000766711,1.7791999998735264,76.66249999962747,89.48469999991357,14,21,deepsort_realtime
327,12.115099998190999,2.132999999957974,8.12699999914912,1.588600000104634,62.575100000947714,74.69019999913871,11,20,deepsort_realtime
328,12.547799998894334,2.3416000003635418,8.207499999116408,1.7112000004999572,78.95389999821782,91.50169999711215,14,20,deepsort_realtime
329,11.922699999064207,2.04689999918628,8.109599999443162,1.5208999993774341,76.40130000002682,88.32399999909103,14,20,deepsort_realtime
330,12.48789999820292,2.3238999983732356,8.1369999988965,1.7348000001220498,68.66390000097454,81.15179999917746,12,20,deepsort_realtime
331,12.286100000143051,2.1725999995396705,8.220499999879394,1.6357000004063593,65.37860000133514,77.6647000014782,12,20,deepsort_realtime
332,12.35920000076294,2.29849999959697,8.174100001269835,1.576099999510916,80.13389999978244,92.49310000054538,12,20,deepsort_realtime
333,13.289899999275804,2.6675000008253846,8.308700000270619,1.7866999987745658,90.92910000123084,104.21900000050664,11,19,deepsort_realtime
334,12.614899998530746,2.30089999968186,8.242399999289773,1.7517999986012,73.9562999997288,86.57119999825954,12,19,deepsort_realtime
335,12.603300001472235,2.3665999997319886,8.343699999386445,1.5812000001460547,77.89280000142753,90.49610000289977,12,20,deepsort_realtime
336,13.292100001126528,2.234100000350736,8.984299998701317,1.7760999999154592,70.01080000028014,83.30290000140667,10,20,deepsort_realtime
337,13.481599999591708,2.4077999987639487,9.0779999991355,1.6953000013018027,63.07369999960065,76.55529999919236,10,20,deepsort_realtime
338,13.07999999821186,2.1304999991116347,8.982600000308594,1.6883999996935017,62.879299998283386,75.95929999649525,10,20,deepsort_realtime
339,13.400100000202656,2.434699999867007,8.984000000054948,1.674700000876328,71.18920000083745,84.5893000010401,10,19,deepsort_realtime
340,13.403899997472763,2.4426999989373144,9.014299999762443,1.663300001382595,54.99420000053942,68.39809999801219,8,19,deepsort_realtime
341,12.982399998232722,2.0969000015611527,8.969599999545608,1.6326000004482921,53.38590000011027,66.36829999834299,8,19,deepsort_realtime
342,12.948300000280142,2.06380000054196,8.894499998859828,1.7139999999926658,51.92200000025332,64.87030000053346,8,19,deepsort_realtime
343,13.459100000560284,2.2434999991673976,9.157000000413973,1.756399999067071,71.83980000205338,85.29890000261366,11,19,deepsort_realtime
344,13.525399999693036,2.2051000014471356,9.26870000148483,1.7674000009719748,62.79600000008941,76.32139999978244,10,19,deepsort_realtime
345,13.536399999633431,2.3142999998526648,8.900500000891043,2.0029999996040715,67.74589999951422,81.28229999914765,10,19,deepsort_realtime
346,13.13179999962449,2.1433999991131714,8.893500000340282,1.78079999932379,64.09829999879003,77.23009999841452,10,18,deepsort_realtime
347,13.560499999672174,2.4450999990222044,8.987400000478374,1.7993000001297332,60.30920000001788,73.86969999969006,10,18,deepsort_realtime
348,13.380400000140071,2.28160000006028,8.987500001239823,1.8371000005572569,76.63939999975264,90.01979999989271,12,18,deepsort_realtime
349,13.070199999958277,2.2016999992047204,8.966199999122182,1.6154000004462432,65.12519999779761,78.19539999775589,10,18,deepsort_realtime
350,13.503499997779727,2.470000001267181,9.04650000120455,1.6672000001562992,75.32279999926686,88.82629999704659,11,18,deepsort_realtime
351,13.340800000354648,2.272899999297806,8.934800000133691,1.8103000002156477,71.60219999961555,84.9429999999702,10,18,deepsort_realtime
352,13.389299999922514,2.407100000709761,8.939500001361012,1.730100000713719,61.94669999927282,75.33599999919534,9,18,deepsort_realtime
353,13.13990000076592,2.1754999997938285,9.033299998918665,1.6550999989703996,56.74370000138879,69.88360000215471,9,18,deepsort_realtime
354,13.158099999651313,2.2976999989623437,8.92790000034438,1.6309999991790392,67.52890000119805,80.68700000084937,10,18,deepsort_realtime
355,13.112600000575185,2.1740000011050142,9.003500001199427,1.6419999992649537,66.76400000043213,79.87660000100732,10,17,deepsort_realtime
356,14.393499998375773,2.3843999988457654,9.752399999342742,1.8642999984876951,62.95659999921918,77.35009999759495,10,17,deepsort_realtime
357,13.808699999004602,2.0667999997385778,9.761299999809125,1.7256000010092976,68.53699999861419,82.3456999976188,10,17,deepsort_realtime
358,13.107999999076128,2.2011000000929926,8.998499999506748,1.6222999984165654,82.23999999836087,95.347999997437,12,16,deepsort_realtime
359,13.545800000429153,2.3521000002801884,9.118099998886464,1.781999999366235,75.84029999934137,89.38609999977052,12,16,deepsort_realtime
360,13.450699999928474,2.5079000006371643,8.969500000603148,1.6329999998561107,79.8574999999255,93.30819999985397,12,16,deepsort_realtime
361,13.41810000129044,2.1125000002939487,9.104099999603932,1.894900000479538,96.2062999997288,109.62440000101924,15,16,deepsort_realtime
362,13.401000000536442,2.2648999984085094,9.070199999769102,1.7510000016045524,109.65000000037253,123.05100000090897,15,16,deepsort_realtime
363,13.355299999937415,2.1822999988216907,9.008799999719486,1.846399998612469,89.94340000115335,103.29870000109076,13,17,deepsort_realtime
364,13.677899999544024,2.7370000007067574,8.95949999903678,1.679500001046108,81.8811000008136,95.55900000035763,12,16,deepsort_realtime
365,13.691199999302626,2.29120000039984,9.372399999847403,1.6462999992654659,80.43010000139475,94.12130000069737,12,16,deepsort_realtime
366,13.240699999034405,2.25979999959236,8.970499999122694,1.7067000007955357,85.75100000016391,98.99169999919832,12,16,deepsort_realtime
367,13.698799999430776,2.042500000243308,9.433999999600928,1.9131000008201227,82.25449999980628,95.95329999923706,12,15,deepsort_realtime
368,13.172499999403954,2.230000000054133,9.02450000103272,1.6271999993477948,83.30350000038743,96.47599999979138,12,15,deepsort_realtime
369,13.490100000053644,2.30089999968186,9.095600000364357,1.7972000005102018,76.39919999986887,89.88929999992251,10,15,deepsort_realtime
370,13.242899999022484,2.369800000451505,8.967499999926076,1.6243000009126263,74.30339999869466,87.54629999771714,9,15,deepsort_realtime
371,13.176599999889731,2.198200001657824,9.035099999891827,1.645700000153738,65.02529999986291,78.20189999975264,9,15,deepsort_realtime
372,14.664499999955297,2.0786000004591187,10.653999999703956,1.6458999998576473,78.26990000158548,92.93440000154078,11,15,deepsort_realtime
373,12.703300001099706,1.99609999981476,8.873600001606974,1.5562999997200677,76.02779999934137,88.73110000044107,11,15,deepsort_realtime
374,13.0152000002563,2.233600000181468,8.881199999450473,1.599700000951998,80.37769999913871,93.39289999939501,11,16,deepsort_realtime
375,13.954899998381734,2.1740000011050142,9.82789999943634,1.6350000005331822,75.71140000037849,89.66629999876022,10,16,deepsort_realtime
376,13.805999998003244,2.074500000162516,9.827500000028522,1.6338000004907371,79.94259999878705,93.74859999679029,10,16,deepsort_realtime
377,26.31790000014007,4.5368999999482185,11.69329999902402,2.4635999998281477,74.79949999973178,101.11739999987185,10,16,deepsort_realtime
378,14.841400001198053,2.2850000004837057,10.41590000022552,1.812900000004447,80.10900000110269,94.95040000230074,10,16,deepsort_realtime
379,14.159799998626113,2.125799999703304,9.980900000300608,1.7494999992777593,88.01009999960661,102.16989999823272,13,16,deepsort_realtime
380,14.451899997889996,2.1997000003466383,10.228499999357155,1.733799999783514,88.00710000097752,102.45899999886751,13,16,deepsort_realtime
381,14.30629999935627,2.2523000006913207,10.005500000261236,1.7300999988947297,88.62509999983013,102.9313999991864,11,17,deepsort_realtime
382,14.232100000604987,2.1976999996695668,10.088099999848055,1.650200001677149,77.76130000129342,91.99340000189841,11,17,deepsort_realtime
383,14.357299998402596,2.3956000004545785,9.991899998567533,1.6651999994792277,79.27009999938309,93.62739999778569,11,17,deepsort_realtime
384,14.69340000115335,2.2736999999324325,10.22949999969569,1.8579999996291008,95.60609999857843,110.29949999973178,12,17,deepsort_realtime
385,14.66440000012517,2.300600001035491,10.37709999945946,1.693899999736459,88.44119999930263,103.1055999994278,12,17,deepsort_realtime
386,14.481799999251962,2.157400000214693,10.257800000545103,1.753900000039721,89.19730000011623,103.67909999936819,12,18,deepsort_realtime
387,14.787999998778105,2.191899999161251,10.516399999687565,1.7210999994858867,78.4400000013411,93.22800000011921,10,18,deepsort_realtime
388,14.887299999594688,2.4217000009230105,10.515500000110478,1.6406999984610593,86.67110000178218,101.55840000137687,11,18,deepsort_realtime
389,14.477700000628829,2.1653000003425404,10.404300001027877,1.6103999987535644,76.56460000015795,91.04230000078678,11,18,deepsort_realtime
390,14.848799999803305,2.2865000009915093,10.400499999377644,1.8180000006395858,67.14780000038445,81.99660000018775,9,18,deepsort_realtime
391,14.45329999923706,2.176800000597723,10.352100000091013,1.618499998585321,64.22829999960959,78.68159999884665,9,18,deepsort_realtime
392,14.770999999716878,2.469799999744282,10.334099999454338,1.6442999985883944,63.69270000047982,78.4637000001967,9,18,deepsort_realtime
393,14.906400002539158,2.2997000014584046,10.465699999258504,1.8567999995866558,66.57789999805391,81.48430000059307,9,18,deepsort_realtime
394,14.471300000324845,2.263700000185054,10.328300000765012,1.5851000007387483,73.02720000036061,87.49850000068545,9,18,deepsort_realtime
395,15.029999999329448,2.306200000020908,10.682300000553369,1.7381999987264862,66.88929999992251,81.91929999925196,9,18,deepsort_realtime
396,15.007100000977516,2.3397000004479196,10.65079999898444,1.664899999013869,83.9524999987334,98.95959999971092,10,17,deepsort_realtime
397,14.859500002115965,2.1923999993305188,10.662299999239622,1.678399999946123,78.36249999888241,93.22200000099838,10,17,deepsort_realtime
398,15.20860000140965,2.328299999135197,10.782400000607595,1.7680000000837026,73.28370000049472,88.49230000190437,10,17,deepsort_realtime
399,14.857200000435114,2.163900000596186,10.639899999659974,1.7606000001251232,89.47049999982119,104.3277000002563,11,17,deepsort_realtime
400,14.9543999992311,2.2693000009894604,10.687800000596326,1.7207000000780681,79.22069999948144,94.17509999871254,11,17,deepsort_realtime
401,14.821099998429418,2.0709000000351807,10.705700000471552,1.7719000006763963,80.09940000064671,94.92049999907613,11,17,deepsort_realtime
402,14.819900000467896,1.99120000070252,10.654600000634673,1.8970000000990694,75.20749999955297,90.02740000002086,10,17,deepsort_realtime
403,14.828399999067187,2.2094999985711183,10.65049999851908,1.631999999517575,83.57320000045002,98.4015999995172,10,17,deepsort_realtime
404,14.953999999910593,2.290700000230572,10.754299999462091,1.6036999986681622,85.03729999810457,99.99129999801517,10,17,deepsort_realtime
405,14.768699999898672,2.2011999990354525,10.642699999152683,1.6402000001107808,88.93820000067353,103.7069000005722,12,17,deepsort_realtime
406,14.546600002795458,2.3252999999385793,10.340400000131922,1.5966999999363907,96.46209999732673,111.00870000012219,12,17,deepsort_realtime
407,14.30909999832511,2.0791999995708466,10.312600001270766,1.604600000064238,94.32929999940097,108.63839999772608,11,18,deepsort_realtime
408,14.572399999946356,2.1873999994568294,10.384100000010221,1.7032999985531205,84.45759999938309,99.02999999932945,11,18,deepsort_realtime
409,14.41719999909401,2.1916999994573416,10.373600000093575,1.5734000007796567,75.17890000157058,89.59610000066459,10,18,deepsort_realtime
410,14.635300001129508,2.1367999997892184,10.329400000046007,1.8792000009852927,76.90949999913573,91.54480000026524,10,18,deepsort_realtime
411,14.80409999936819,2.2833000002719928,10.411400000521098,1.7716999991534976,84.90789999999106,99.71199999935925,11,18,deepsort_realtime
412,14.704900000244379,2.1854000005987473,10.355799999160809,1.7606999990675831,85.0722000002861,99.77710000053048,10,18,deepsort_realtime
413,14.520999997854233,2.165699999750359,10.404299999208888,1.6585999983362854,63.61670000106096,78.1376999989152,9,18,deepsort_realtime
414,14.719700001180172,2.187999998568557,10.440899999593967,1.7626999997446546,63.762300001457334,78.4820000026375,8,18,deepsort_realtime
415,14.898800000548363,2.3367000012513017,10.416600000098697,1.833000000260654,67.80730000138283,82.70610000193119,7,18,deepsort_realtime
416,14.368500001728535,2.037700000073528,10.428499999761698,1.6231999998126412,73.28370000049472,87.65220000222325,7,18,deepsort_realtime
417,14.554599998518825,2.2920000010344665,10.322000000087428,1.6455999993922887,56.585799999535084,71.14039999805391,7,17,deepsort_realtime
418,14.811799999326468,2.390600000580889,10.41820000136795,1.692699999694014,77.1541000008583,91.96590000018477,9,16,deepsort_realtime
419,14.71259999834001,2.3939000002428656,10.36019999992277,1.6245000006165355,66.78179999999702,81.49439999833703,9,16,deepsort_realtime
420,14.95659999921918,2.5997000011557247,10.408199999801582,1.6489000008732546,68.56560000032187,83.52219999954104,9,15,deepsort_realtime
421,15.214299999177456,2.4663000003783964,10.879800000111572,1.5843000001041219,66.63939999975264,81.8536999989301,9,15,deepsort_realtime
422,14.466300001367927,2.292800001669093,10.338100000808481,1.5492999991693068,83.54399999976158,98.01030000112951,9,15,deepsort_realtime
423,14.48340000025928,2.2163000012369594,10.330799999792362,1.6439999999420252,65.95930000022054,80.44270000047982,9,15,deepsort_realtime
424,14.152200000360608,2.35909999901196,9.866899999906309,1.6144000001077075,64.19770000129938,78.34990000165999,8,15,deepsort_realtime
425,14.219199998304248,2.239200000985875,9.885099998427904,1.7963999998755753,55.830200001597404,70.04939999990165,8,15,deepsort_realtime
426,14.10669999755919,2.181100000598235,9.931099999448634,1.7103000009228708,69.22689999826252,83.33359999582171,9,15,deepsort_realtime
427,13.97470000013709,2.1486999994522193,9.865800000625313,1.6737999994802522,80.91320000216365,94.88790000230074,10,14,deepsort_realtime
428,14.12470000050962,2.2891000007803086,9.909500000503613,1.6247000003204448,87.08950000070035,101.21420000120997,10,14,deepsort_realtime
429,14.00730000063777,2.1087000004627043,9.921400000166614,1.6852999997354345,64.04700000025332,78.05430000089109,9,14,deepsort_realtime
430,13.947699997574091,2.1249000001262175,9.875800000372692,1.6591999992670026,63.532600002363324,77.48029999993742,8,14,deepsort_realtime
431,14.116399999707937,2.146500000890228,9.99489999958314,1.6919999998208368,60.30609999783337,74.42249999754131,8,14,deepsort_realtime
432,14.468699999153614,2.6388000005681533,9.881999998469837,1.6536000002815854,62.97140000015497,77.44009999930859,8,13,deepsort_realtime
433,13.910600000992417,1.9861000000673812,9.903199999826029,1.7532999991090037,65.47139999829233,79.38199999928474,8,12,deepsort_realtime
434,14.214900000020862,2.3387999990518438,9.853999999904772,1.6928999993979232,70.46380000002682,84.67870000004768,9,12,deepsort_realtime
435,14.346099998801947,2.187699999922188,9.88139999935811,1.9738999999390217,68.72479999996722,83.07089999876916,9,12,deepsort_realtime
436,14.064200000837445,2.2047000002203276,9.8930999993172,1.6609999984211754,70.9702000003308,85.03440000116825,8,12,deepsort_realtime
437,14.274700000882149,2.264499999000691,9.915500000715838,1.818299999285955,63.68820000067353,77.96290000155568,8,12,deepsort_realtime
438,14.292399998754263,2.342300000236719,9.845200000199839,1.7141000007541152,85.00619999878109,99.29859999753535,9,12,deepsort_realtime
439,14.087399998679757,2.4312999994435813,9.821399999054847,1.5585999990435084,65.40789999999106,79.49529999867082,8,12,deepsort_realtime
440,13.963000001385808,2.1440000000438886,9.896199999275268,1.6515999996045139,75.4643000010401,89.42730000242591,8,12,deepsort_realtime
441,15.217400001361966,2.5521999996271916,10.659099998520105,1.6981999997369712,84.96880000084639,100.18620000220835,10,11,deepsort_realtime
442,14.673899998888373,2.306000000316999,10.369400000854512,1.6826999999466352,82.43690000101924,97.11079999990761,9,10,deepsort_realtime
443,14.619699999690056,2.24779999916791,10.429800000565592,1.6497999986313516,87.77809999883175,102.3977999985218,9,11,deepsort_realtime
444,15.721499999985099,2.531900001486065,10.658000001058099,2.097299999149982,87.51920000091195,103.24070000089705,9,11,deepsort_realtime
445,15.235100001096725,2.3484000012103934,10.791999999128166,1.7798000008042436,76.89589999988675,92.13100000098348,10,11,deepsort_realtime
446,15.247899999842048,2.264900000227499,10.64559999940684,1.7047000001184642,79.74709999933839,94.99499999918044,10,11,deepsort_realtime
447,15.428700000047684,2.3140000012062956,10.89490000049409,1.9059000005654525,80.19969999976456,95.62839999981225,10,12,deepsort_realtime
448,14.96760000102222,2.161300000807387,10.77869999971881,1.734200001010322,76.59479999914765,91.56240000016987,10,12,deepsort_realtime
449,15.76270000077784,2.5915999995049788,10.720300000684801,2.077699999063043,96.18140000104904,111.94410000182688,10,12,deepsort_realtime
450,17.294500002637506,2.9187000000092667,11.078199999246863,2.952000000732369,94.78940000012517,112.08390000276268,9,12,deepsort_realtime
451,15.491900000721216,2.3238999983732356,10.762500000055297,1.954499999555992,86.93869999982417,102.43060000054538,9,12,deepsort_realtime
452,15.59039999730885,2.2807000004831934,11.200200000530458,1.8041999992419733,84.04870000109076,99.63909999839962,9,12,deepsort_realtime
453,16.383900001645088,2.823700000590179,11.148199999297503,2.0272000001568813,142.93149999901652,159.3154000006616,10,12,deepsort_realtime
454,19.82010000012815,4.244800000378746,11.985399998593493,2.6082000003953,113.45450000092387,133.27460000105202,9,12,deepsort_realtime
455,15.659399999305606,2.7034999984607566,10.727400000178022,1.7791999998735264,78.08250000141561,93.74190000072122,9,13,deepsort_realtime
456,15.321500001475215,2.413899999737623,10.756500001662062,1.8357999997533625,68.1228999979794,83.44439999945462,7,13,deepsort_realtime
457,15.109100000932813,2.193299998907605,10.773099998914404,1.8072999992000405,73.73739999905229,88.8464999999851,8,13,deepsort_realtime
458,15.185599999502301,2.290400001584203,10.859900001378264,1.7351999995298684,71.6933999992907,86.878999998793,8,13,deepsort_realtime
459,15.965600000694394,2.83800000033807,10.787000001073466,2.0155999991402496,79.26059999875724,95.22619999945164,8,13,deepsort_realtime
460,15.825600000098348,2.8260999988560798,10.682800000722636,1.9472000003588619,81.30650000087917,97.13210000097752,7,12,deepsort_realtime
461,15.865399999544024,2.4986999997054227,10.988899999574642,2.019300000029034,77.86359999887645,93.72899999842048,7,12,deepsort_realtime
462,15.454500000923872,2.5955999990401324,10.70860000072571,1.8225000003440073,83.0515000000596,98.50600000098348,8,12,deepsort_realtime
463,14.99180000089109,2.26219999967725,10.733099999924889,1.692699999694014,85.36900000087917,100.36080000177026,8,12,deepsort_realtime
464,16.047699999064207,2.5341000000480562,11.225000000194996,1.8767999990814133,86.47059999778867,102.51829999685287,8,13,deepsort_realtime
465,15.311299998313189,2.3979000015970087,10.696299999835901,1.8555999995442107,68.14599999971688,83.45729999803007,8,13,deepsort_realtime
466,14.96059999987483,2.192300000388059,10.693300000639283,1.774199999999837,66.2801999989897,81.24079999886453,7,12,deepsort_realtime
467,15.65629999898374,2.248300001156167,11.1973000002763,1.8592999986140057,65.95749999955297,81.6137999985367,7,12,deepsort_realtime
468,14.843500001356006,2.1653999992850004,10.656300000846386,1.7259999985981267,70.84439999982715,85.68790000118315,8,12,deepsort_realtime
469,24.34940000064671,3.6473000000114553,18.703799998547765,1.7050000005838228,68.18339999951422,92.53280000016093,7,12,deepsort_realtime
470,14.775600001215935,2.1928000005573267,10.674499999367981,1.6317000008712057,62.57120000012219,77.34680000133812,7,12,deepsort_realtime
471,14.853499999269843,2.074699999866425,10.718800000176998,1.7886000005091773,67.69979999959469,82.55329999886453,7,12,deepsort_realtime
472,15.610800001770258,2.347100000406499,11.170499999934691,1.7889999999169959,73.77070000208914,89.3815000038594,8,12,deepsort_realtime
473,15.547600001096725,2.329299999473733,11.135200000353507,1.7637999990256503,77.28429999947548,92.8319000005722,8,12,deepsort_realtime
474,15.039900001138449,2.2761000000173226,10.683700000299723,1.8017999991570832,73.60769999958575,88.6476000007242,8,13,deepsort_realtime
475,14.931500000879169,2.133400001184782,10.621899999023299,1.8780000009428477,69.00699999928474,83.93850000016391,8,13,deepsort_realtime
476,14.627100002020597,2.000399999815272,10.704700000133016,1.6584000004513655,69.38460000045598,84.01170000247657,7,13,deepsort_realtime
477,14.64249999821186,2.0511000002443325,10.631400000420399,1.6943999999057269,70.5456000007689,85.18809999898076,8,13,deepsort_realtime
478,15.308500001206994,2.603099999760161,10.737099999460042,1.6876999998203246,76.86350000090897,92.17200000211596,9,13,deepsort_realtime
479,14.917600000277162,2.160399999411311,10.745999999926426,1.677100000961218,75.88330000080168,90.80090000107884,9,13,deepsort_realtime
480,14.888299999758601,2.2461999997176463,10.672900001736707,1.665800000409945,78.88450000062585,93.77280000038445,9,12,deepsort_realtime
481,14.976999999955297,2.1747999999206513,10.679099999833852,1.796200000171666,79.12149999849498,94.09849999845028,9,12,deepsort_realtime
482,15.304199999198318,2.2615000016230624,10.937400000329944,1.7871000000013737,78.26109999977052,93.56529999896884,9,12,deepsort_realtime
483,15.710799999535084,2.508300000044983,11.185900000782567,1.7259000014746562,76.38949999958277,92.10029999911785,9,12,deepsort_realtime
484,14.814999997615814,2.2613000001001637,10.64540000152192,1.6161000003194204,93.8280999995768,108.64309999719262,10,12,deepsort_realtime
485,15.036000000312924,2.256600000691833,10.703500000090571,1.7735000001266599,79.71229999884963,94.74829999916255,10,12,deepsort_realtime
486,15.265300001949072,2.2379000001819804,10.940199999822653,1.7840999989857664,73.91520000062883,89.1805000025779,8,11,deepsort_realtime
487,15.351999999955297,2.4075999990600394,10.775700000522193,1.8519000004744157,69.00740000233054,84.35940000228584,8,11,deepsort_realtime
488,15.093600001186132,2.3799000009603333,10.690799999792944,1.7406000006303657,70.7121999990195,85.80580000020564,8,11,deepsort_realtime
489,15.617300000041723,2.359799998885137,10.738099999798578,2.1778999998787185,78.4449000004679,94.06220000050962,10,11,deepsort_realtime
490,15.275800000876188,2.441700000417768,10.788999999931548,1.7496999989816686,76.80230000056326,92.07810000143945,9,10,deepsort_realtime
491,14.964900001883507,2.2931000003154622,10.683300000891904,1.6978000003291527,75.38250000216067,90.34740000404418,9,11,deepsort_realtime
492,15.283900000154972,2.4312000005011214,10.798600000271108,1.7686999999568798,74.84549999982119,90.12939999997616,8,11,deepsort_realtime
493,15.14439999870956,2.399599999989732,10.762800000520656,1.649800000450341,69.79890000075102,84.94329999946058,8,11,deepsort_realtime
494,15.116399999707937,2.3044999998091953,10.799899999256013,1.7238999989785952,77.74620000086725,92.86260000057518,8,11,deepsort_realtime
495,14.815700000151992,2.223900000899448,10.648699999364908,1.66700000045239,67.5906000006944,82.40630000084639,8,11,deepsort_realtime
496,14.818300001323223,2.1512999992410187,10.618000000249594,1.7191999995702645,74.85960000008345,89.67790000140667,9,11,deepsort_realtime
497,14.754499999806285,2.0566000002872897,10.712100000091596,1.7258999996556668,116.20810000039637,130.96260000020266,9,11,deepsort_realtime
498,18.211600000038743,3.6213000003044726,12.370499998723972,1.736799998980132,73.61269999854267,91.82429999858141,8,11,deepsort_realtime
499,14.83809999935329,2.1589000007224968,10.67239999974845,1.7463999993196921,77.95580000057817,92.79389999993145,9,11,deepsort_realtime
500,15.290199998766184,2.3397999993903795,10.78860000052373,1.8682999998418381,77.15769999846816,92.44789999723434,9,11,deepsort_realtime
501,15.329600000753999,2.0946000004187226,11.177099999258644,1.7769999994925456,70.18019999936223,85.50980000011623,8,11,deepsort_realtime
502,15.754499999806285,2.524999999877764,11.207600000489037,1.6919000008783769,95.89499999955297,111.64949999935925,10,11,deepsort_realtime
503,14.92570000141859,2.17270000030112,10.664600000382052,1.7903000007208902,80.19089999981225,95.11660000123084,10,11,deepsort_realtime
504,15.592799996957183,2.5371000010636635,10.991099999955622,1.739100000122562,129.802100000903,145.3948999978602,11,12,deepsort_realtime
505,16.03539999946952,2.105799998389557,10.63619999877119,2.9656000006070826,89.05229999870062,105.08769999817014,10,12,deepsort_realtime
506,14.57710000127554,2.070599999569822,10.61909999953059,1.5854999983275775,94.35029999911785,108.92740000039339,10,12,deepsort_realtime
507,15.22580000013113,2.2640000006504124,10.961600000882754,1.6900000009627547,81.25940000079572,96.48520000092685,10,12,deepsort_realtime
508,15.581800000742078,2.447599999868544,11.14179999967746,1.7074999996111728,92.07619999907911,107.65799999982119,10,12,deepsort_realtime
509,15.415300000458956,2.6127000000997214,10.679200000595301,1.7840000000433065,114.04060000181198,129.45590000227094,10,12,deepsort_realtime
